{"listing": {"id": "fatih-sample-1", "title": "Sample Fatih Test", "lat": 41.01367, "lng": 28.93489}, "metro": [{"id": 72, "name": "Çapa-Şehremini", "distance_m": 344.1026369, "location": {"type": "Point", "coordinates": [28.9320271861, 41.0158833289]}}, {"id": 73, "name": "Fındıkzade", "distance_m": 531.78004613, "location": {"type": "Point", "coordinates": [28.940655673320745, 41.0117062059472]}}, {"id": 120, "name": "Emniyet-Fatih", "distance_m": 590.18997453, "location": {"type": "Point", "coordinates": [28.9395963977, 41.0176115439]}}, {"id": 71, "name": "Pazartekke", "distance_m": 827.11137345, "location": {"type": "Point", "coordinates": [28.9271526286, 41.0182661997]}}, {"id": 74, "name": "Haseki", "distance_m": 856.55344094, "location": {"type": "Point", "coordinates": [28.9442927851, 41.0107098606]}}, {"id": 75, "name": "Yusufpaşa", "distance_m": 1106.39345751, "location": {"type": "Point", "coordinates": [28.9471169908, 41.0099988102]}}], "metrobus": [{"id": 18, "name": "Bayrampaşa-Maltepe", "distance_m": 1603.27855351, "location": {"type": "Point", "coordinates": [28.921484, 41.023933]}}, {"id": 19, "name": "Topkapı", "distance_m": 1647.0058783, "location": {"type": "Point", "coordinates": [28.917463, 41.020432]}}, {"id": 17, "name": "Adnan Menderes Bulvarı", "distance_m": 2009.20960496, "location": {"type": "Point", "coordinates": [28.924704, 41.030035]}}, {"id": 20, "name": "Cevizlibağ", "distance_m": 2024.69450114, "location": {"type": "Point", "coordinates": [28.911123, 41.016555]}}, {"id": 16, "name": "Edirnekapı", "distance_m": 2203.39965832, "location": {"type": "Point", "coordinates": [28.928614, 41.032933]}}, {"id": 15, "name": "Ayvansaray-Eyüp", "distance_m": 2761.88428032, "location": {"type": "Point", "coordinates": [28.937238, 41.038476]}}], "bus": [{"id": 869, "name": "ÇAPA", "distance_m": 107.05695947, "location": {"type": "Point", "coordinates": [28.9351779999879, 41.014609000556]}}, {"id": 868, "name": "ÇAPA", "distance_m": 167.6615422, "location": {"type": "Point", "coordinates": [28.936818999988, 41.0132900005558]}}, {"id": 866, "name": "ÝSTANBUL TIP FAKÜLTESÝ", "distance_m": 359.28890811, "location": {"type": "Point", "coordinates": [28.9316749999878, 41.0158000005562]}}, {"id": 886, "name": "FINDIKZADE", "distance_m": 399.20545736, "location": {"type": "Point", "coordinates": [28.9395469999881, 41.0129780005558]}}, {"id": 867, "name": "ÝSTANBUL TIP FAKÜLTESÝ", "distance_m": 413.93440461, "location": {"type": "Point", "coordinates": [28.9315169999878, 41.0163840005564]}}, {"id": 834, "name": "FINDIKZADE", "distance_m": 472.57886197, "location": {"type": "Point", "coordinates": [28.938196999988, 41.0102300005553]}}, {"id": 885, "name": "FINDIKZADE", "distance_m": 482.34496063, "location": {"type": "Point", "coordinates": [28.9402609999881, 41.0121490005557]}}, {"id": 1165, "name": "OÐUZHAN", "distance_m": 527.73974468, "location": {"type": "Point", "coordinates": [28.9408709999881, 41.0151050005561]}}], "grocery": [{"id": 2301, "name": "BİM", "distance_m": 214.52332649, "location": {"type": "Point", "coordinates": [28.9344263, 41.0117705]}}, {"id": 304, "name": "BİM", "distance_m": 214.52332649, "location": {"type": "Point", "coordinates": [28.9344263, 41.0117705]}}, {"id": 14, "name": "Migros", "distance_m": 246.68462854, "location": {"type": "Point", "coordinates": [28.9320184, 41.0132193]}}, {"id": 2011, "name": "Migros", "distance_m": 246.68462854, "location": {"type": "Point", "coordinates": [28.9320184, 41.0132193]}}, {"id": 1164, "name": "A101", "distance_m": 275.53353882, "location": {"type": "Point", "coordinates": [28.9318741, 41.0127019]}}, {"id": 3161, "name": "A101", "distance_m": 275.53353882, "location": {"type": "Point", "coordinates": [28.9318741, 41.0127019]}}], "clothing": [{"id": 38, "name": "Stradivarius", "distance_m": 839.93202857, "location": {"type": "Point", "coordinates": [28.944815, 41.0144996]}}, {"id": 36, "name": "Zara", "distance_m": 844.82982996, "location": {"type": "Point", "coordinates": [28.9448588, 41.014596]}}, {"id": 39, "name": "Mavi", "distance_m": 867.32464777, "location": {"type": "Point", "coordinates": [28.9451151, 41.0146755]}}, {"id": 37, "name": "Mango", "distance_m": 877.06014543, "location": {"type": "Point", "coordinates": [28.9452291, 41.0146913]}}], "malls": [{"id": 15, "name": "Historia Fatih", "distance_m": 1334.80095929, "location": {"type": "Point", "coordinates": [28.95, 41.01]}}, {"id": 22, "name": "Olivium Outlet Center", "distance_m": 3580.28840954, "location": {"type": "Point", "coordinates": [28.9053, 40.9905]}}, {"id": 6, "name": "Marmara Forum", "distance_m": 3830.5753796, "location": {"type": "Point", "coordinates": [28.8932, 40.9998]}}, {"id": 1, "name": "Forum Istanbul", "distance_m": 4835.48396193, "location": {"type": "Point", "coordinates": [28.8970612, 41.0464612]}}, {"id": 9, "name": "Viaport Venezia", "distance_m": 6002.68489353, "location": {"type": "Point", "coordinates": [28.9192, 41.0664]}}, {"id": 14, "name": "City's Nisantasi", "distance_m": 6144.61439028, "location": {"type": "Point", "coordinates": [28.99, 41.05]}}], "parks": [], "minibus": [{"id": "B34", "name": "ŞİŞHANE - ŞİŞLİ", "geometry": {"type": "LineString", "coordinates": [[28.970356375724485, 41.06436096039878], [28.9698158333, 41.0641237576], [28.969569946399996, 41.0639546817], [28.969394042699996, 41.06375444409999], [28.9685366817, 41.06265788219999], [28.9651417155, 41.058572884], [28.9642520456, 41.0576189353], [28.9635749714, 41.056848661599986], [28.963248179599994, 41.05643069469999], [28.962825428399995, 41.0557465195], [28.962525133, 41.05512860979999], [28.9621219723, 41.05405346959999], [28.961962282600002, 41.0537024906], [28.961831503, 41.05351310179999], [28.9616514993, 41.05335185899999], [28.9611685892, 41.05314565609999], [28.960714287600002, 41.053024207899995], [28.960146173, 41.052933038], [28.960102704600004, 41.05290197609999], [28.9595577504, 41.052062489099995], [28.959434789099998, 41.0519180566], [28.959409371700005, 41.051857876199996], [28.959354438, 41.0512592699], [28.9592601006, 41.0506641795], [28.959189874, 41.050357422599994], [28.959034289899996, 41.04996883199998], [28.958474388400003, 41.04889961339999], [28.9583285219, 41.048493540299994], [28.9583289512, 41.0475455551], [28.958267675699997, 41.0471883028], [28.958248182500004, 41.04683353870001], [28.95834945709999, 41.046442648599985], [28.958462886799996, 41.0461072765], [28.9585561984, 41.0454359491], [28.9587798829, 41.0443203351], [28.9588616422, 41.044047952699984], [28.9589810953, 41.04384725589999], [28.959592329199992, 41.043006403899994], [28.959986244, 41.04251078659999], [28.9604245918, 41.04199627959999], [28.960925486799997, 41.041078156], [28.961005794, 41.040875032], [28.9612083344, 41.040461609], [28.961502896, 41.03991523349999], [28.961927576, 41.03918465179999], [28.961940589300003, 41.03900728039999], [28.961968562, 41.03892148029999], [28.962026663700005, 41.03883592639999], [28.962028947900002, 41.0387906811], [28.961993715, 41.0387406884], [28.9618473927, 41.038681144499996], [28.9612698162, 41.0385039998], [28.9611645295, 41.0384542092], [28.961021381899997, 41.03834321309999], [28.960881615500004, 41.03813583209999], [28.960211523600005, 41.036565988299984], [28.9601020235, 41.0363865589], [28.9597166496, 41.03602070529999], [28.959615004, 41.03594421219999], [28.9594333306, 41.03575473539999], [28.9594190013, 41.03568554689999], [28.959445625799997, 41.0356311803], [28.959490664499995, 41.0355975901], [28.959561595799993, 41.035584338499994], [28.9599791253, 41.035402617299994], [28.960790719, 41.035121643899984], [28.961325659400003, 41.0349088902], [28.962357982099995, 41.034105435099995], [28.962391419700005, 41.034012978499995], [28.962341856199995, 41.03349471039999], [28.962351224899994, 41.03334579029999], [28.9623691451, 41.033310807599996], [28.9628174156, 41.0329817133], [28.963733512899996, 41.032427141099994], [28.9645723737, 41.03194256649999], [28.964763724, 41.03184959359999], [28.9649663173, 41.0318170211], [28.9651570911, 41.031831498], [28.9654820629, 41.031987337], [28.965750240499997, 41.03208878409999], [28.9658593883, 41.03211163709999], [28.9659858899, 41.03207439369999], [28.966072363600002, 41.031984164], [28.966217806, 41.031771648999985], [28.9667558734, 41.031160736699995], [28.9673397956, 41.03068302849999], [28.967689568199994, 41.03035159349999], [28.9678614779, 41.030226466799995], [28.967992074, 41.030174032299996], [28.9682642719, 41.030119886799994], [28.9685042218, 41.03011607829999], [28.968752762099996, 41.03031782979999], [28.9689304799, 41.030521925799995], [28.968993144899994, 41.030790508199985], [28.969098615500002, 41.0308361216], [28.969318860300003, 41.030835113799995], [28.969637038900004, 41.03085880499999], [28.9697680362, 41.030800992], [28.969828194399998, 41.030705656399995], [28.9699344797, 41.03019438759999], [28.9700650405, 41.029891796899996], [28.970349709599997, 41.029496146], [28.970499950100002, 41.0291772652], [28.970521781200002, 41.0290082642], [28.9702519541, 41.02881535229999]]}}, {"id": "B34", "name": "ŞİŞHANE - ŞİŞLİ", "geometry": {"type": "LineString", "coordinates": [[28.9702519541, 41.02881535229999], [28.970547590199992, 41.02899869169999], [28.9705619767, 41.0290445625], [28.970475721199993, 41.02923317669999], [28.969953059299996, 41.03012014590001], [28.969856427199996, 41.030345135599994], [28.969818463900005, 41.03076219529999], [28.9697857151, 41.03079103539999], [28.969631848, 41.030866306], [28.969407947800004, 41.030859538899996], [28.969054995199997, 41.030816357599996], [28.968989908099996, 41.0307617805], [28.968931298199998, 41.0304787751], [28.9685730129, 41.03017623189999], [28.9684332552, 41.03014800389999], [28.968339008300003, 41.03016669880001], [28.968233872699997, 41.03021054629999], [28.967889571100002, 41.03050002389999], [28.967144337299995, 41.0310784684], [28.967030532699994, 41.031193710299995], [28.967020816599998, 41.03125175459999], [28.967067364699993, 41.03133317339999], [28.9671555173, 41.03140895819998], [28.968286437900005, 41.032193528], [28.968513914700004, 41.0323817532], [28.9694975595, 41.03390045779999], [28.969926762900002, 41.034680195], [28.970161958900004, 41.035230966099995], [28.971022278100005, 41.0374841873], [28.971077973099998, 41.037914286799996], [28.9709421987, 41.03809074879999], [28.9707871845, 41.03816871549999], [28.970484837199997, 41.038186980599995], [28.969737690499993, 41.03815743249999], [28.969151238399995, 41.038168793], [28.968627959800003, 41.03825040719999], [28.9683250762, 41.038346677499995], [28.9680675049, 41.0384666219], [28.9677603123, 41.03867400039999], [28.967536700399997, 41.03888879539999], [28.967333776900002, 41.039188828899995], [28.9672190721, 41.039417362], [28.967107798, 41.039713483699984], [28.966961792100005, 41.0402995029], [28.966972369799997, 41.0412655088], [28.9669952006, 41.041612376199986], [28.9671033452, 41.04223360579999], [28.967260806099997, 41.042728648899995], [28.968042459400003, 41.04460143629999], [28.968167346499996, 41.04508949969999], [28.9682016317, 41.04543844289999], [28.968240915400003, 41.04615571819999], [28.9682304047, 41.0472046733], [28.968086829900002, 41.0489070732], [28.9679871117, 41.050565754699996], [28.9678995176, 41.051259899099996], [28.9678659615, 41.051840047899994], [28.96789974, 41.0525561908], [28.9680901287, 41.0531937344], [28.9682229561, 41.05343145909999], [28.968467878699997, 41.05376373139999], [28.96860148389999, 41.0539199858], [28.96896731129999, 41.054280814999984], [28.9694600579, 41.0546393097], [28.970762827, 41.0555261847], [28.97140410049999, 41.056072164199996], [28.971635561499998, 41.056366865899996], [28.9718261356, 41.056661204099996], [28.971995431699995, 41.05700938], [28.972102343199992, 41.057424528199995], [28.972134461599996, 41.0575823907], [28.972239735200002, 41.058947876599994], [28.9723247956, 41.0594828592], [28.9726703493, 41.0602273489], [28.973017667499995, 41.060686235599995], [28.973253130699995, 41.0609329818], [28.974889816370514, 41.062533928934485]]}}, {"id": "A16", "name": "GAZİ MAHALLESİ - CEBECİ - KÜÇÜKKÖY - EDİRNEKAPI", "geometry": {"type": "MultiLineString", "coordinates": [[[28.905377763688968, 41.06676047355536], [28.9054022734, 41.06664202259999], [28.905377144499994, 41.066499231399995], [28.905305148, 41.066365883399996], [28.9051844211, 41.0662222541], [28.90490722259999, 41.0659810203], [28.903648639900002, 41.06518450149999], [28.9031877754, 41.0648500006], [28.9031031159, 41.0647617602], [28.903041648699997, 41.0646631317], [28.9028049795, 41.06412109], [28.902708022899997, 41.0638185558], [28.9025840147, 41.0630983683], [28.9025060594, 41.062327806199995], [28.902416629500003, 41.06067101949999], [28.9024512706, 41.0604676395], [28.902561912799996, 41.0602653238], [28.902740514400005, 41.060093074899996], [28.903546173899993, 41.059571829700005], [28.905418774099996, 41.058274224399995], [28.905933801399996, 41.0578791762], [28.909031768400002, 41.05568307], [28.9093608645, 41.05542667179999], [28.909378019, 41.055394394299995], [28.9093501219, 41.055352208799995], [28.907343253700002, 41.05389370259999], [28.9051378593, 41.05223663959999], [28.90514663959999, 41.05217352889999], [28.905293837200002, 41.05202382489999], [28.905918385499994, 41.0512229958], [28.905946325899997, 41.05107314989999], [28.905905578300004, 41.05090648280001], [28.905931194299995, 41.05085385809999], [28.906010407599997, 41.050821785699995], [28.906645988, 41.050804299599996], [28.9067429731, 41.0507609788], [28.906794627399997, 41.0506852301], [28.90639058229999, 41.04745941739999], [28.9063069329, 41.04716112489999], [28.9062537572, 41.0470425229], [28.905404897, 41.04558956], [28.905334462, 41.045528507899995], [28.905194341099993, 41.04547632919999], [28.905097722899995, 41.04541506419999], [28.905008456299996, 41.0453314824], [28.9049429485, 41.045236122599995], [28.9037422873, 41.042496404499985], [28.903747059100002, 41.0424399828], [28.9038119074, 41.04237794649998], [28.904356787099996, 41.042226117], [28.9087253476, 41.041065082299994], [28.908920087800002, 41.040951786899996], [28.9090606421, 41.0407993044], [28.9091375099, 41.04060156469999], [28.9091232856, 41.0403674755], [28.9091397506, 41.04028668139999], [28.909215874499996, 41.040184506699994], [28.909340921900004, 41.04011524109999], [28.909453393099998, 41.04009263129999], [28.909694423499992, 41.0400923016], [28.909894485299997, 41.04007308719999], [28.9103707477, 41.03996719639999], [28.911690832899996, 41.03976585889999], [28.912108351499995, 41.039653868399995], [28.912235513399995, 41.03957915399999], [28.912284971, 41.039516281599994], [28.9123128065, 41.03944390619999], [28.912320880599992, 41.0391743842], [28.9123166968, 41.038868986499985], [28.912210505, 41.0372932973], [28.911910523400003, 41.035537517099996], [28.9119005505, 41.034801286500006], [28.911995848900002, 41.0341012494], [28.912074801299994, 41.033716133], [28.9121829279, 41.0335523496], [28.9124223887, 41.03337529339999], [28.9124647267, 41.0333009388], [28.9124773587, 41.03322053469999], [28.912428247200005, 41.03308783779999], [28.911985623600003, 41.032571048099996], [28.9119687273, 41.032509454499994], [28.9119913409, 41.032448921], [28.9120411412, 41.03240688159999], [28.913187695599994, 41.031788460099996], [28.914089690199997, 41.031318021], [28.914499645899994, 41.03112022869999], [28.9147400651, 41.0309181336], [28.914864051200002, 41.0307504405], [28.9149542899, 41.03055873009999], [28.915226561099995, 41.03019176509999], [28.9161947281, 41.0290924568], [28.917070674, 41.028313173899996], [28.918557005399997, 41.0268810079], [28.9195612606, 41.0260684948], [28.9197354917, 41.025943691399995], [28.9199173072, 41.02576821739999], [28.920052570399992, 41.02558363839999], [28.9201487688, 41.025385509799996], [28.9203484058, 41.02451101709999], [28.920377790899998, 41.024450254399994], [28.920428199499995, 41.024398006], [28.920510201599996, 41.02435244029999], [28.9206073857, 41.02432972759999], [28.9209674205, 41.024357253299996], [28.9212157382, 41.0243536909], [28.922141787099996, 41.02422503879999], [28.922568909299997, 41.024130111499986], [28.923118914700005, 41.0238936071], [28.923571028800005, 41.02365310169999], [28.9239929612, 41.0233829675], [28.924588712400002, 41.02285593189999], [28.925297087699995, 41.0221695556], [28.925362412600002, 41.0220874883], [28.925401716699998, 41.021996403599985], [28.9254020997, 41.02182737159999], [28.925315202100002, 41.0216716779], [28.9245800986, 41.021018486399996], [28.9243432665, 41.020826522499995], [28.9239995851, 41.02059001079999], [28.923628225799995, 41.020378858], [28.923228051500004, 41.020192656899994], [28.922806880499994, 41.0200352442], [28.9224705388, 41.01993451239999], [28.9221255858, 41.019852161699994], [28.921707580699994, 41.019768376399995], [28.921106673, 41.01968112619999], [28.920533381599995, 41.019570034], [28.918260557700002, 41.019099545699994], [28.917315875159368, 41.01889275946516]], [[28.917315875159368, 41.01889275946516], [28.916528327199995, 41.0187203687], [28.9163685674, 41.0187161978], [28.9162312845, 41.01875344029999], [28.916158144699992, 41.018837296399994], [28.916165173500005, 41.018937656], [28.916239985, 41.01901029729999], [28.916654434799995, 41.019200697], [28.9168439151, 41.019228828399996], [28.917016686299995, 41.019205406299996], [28.9171547175, 41.01914123779999], [28.917254283300004, 41.019044490199995], [28.917315875159368, 41.01889275946516]], [[28.917315875159368, 41.01889275946516], [28.9173771663, 41.018741769200005], [28.91749398449999, 41.018516042499996], [28.917593906799993, 41.018461918299984], [28.9177068859, 41.0184253825], [28.9178276071, 41.0184081534], [28.917950394499993, 41.01841104139999]]]}}, {"id": "A16", "name": "GAZİ MAHALLESİ - CEBECİ - KÜÇÜKKÖY - EDİRNEKAPI", "geometry": {"type": "MultiLineString", "coordinates": [[[28.905373098456653, 41.06675859350496], [28.905385785, 41.066711743], [28.905379355299992, 41.066560402399986], [28.905326593199995, 41.066410551299995], [28.905227982799993, 41.06625388949999], [28.905093648399998, 41.066113261599995], [28.9047289182, 41.0658622174], [28.903608984700004, 41.06515828719999], [28.9031404663, 41.06481832599999], [28.903060898199993, 41.0647354934], [28.903004024800005, 41.06464256869999], [28.902965041799998, 41.064470148699996], [28.902650063, 41.06351605709999], [28.9025060594, 41.062327806199995], [28.902404147199995, 41.06079663229999], [28.902418146300004, 41.060607049299996], [28.902480336, 41.060423098299985], [28.902595220700004, 41.0602432203], [28.9027560539, 41.060084796599995], [28.9040934824, 41.059175977], [28.908235549399997, 41.056270104], [28.9093091331, 41.05546936779999], [28.9093516051, 41.055431867], [28.909361711599995, 41.05539101459999], [28.9093373258, 41.05533473189999], [28.907680149, 41.0541354715], [28.9051724376, 41.052273206999985], [28.9051439803, 41.0522382897], [28.905154393100002, 41.052166034399995], [28.905293837200002, 41.05202382489999], [28.905918385499994, 41.0512229958], [28.906077760899997, 41.0510446817], [28.906196914, 41.05095334729999], [28.906337580799992, 41.05088166449998], [28.906471616499996, 41.050837898699996], [28.906709022499992, 41.050788004599994], [28.9067649371, 41.050746339], [28.9067949063, 41.050691448399995], [28.90639058229999, 41.04745941739999], [28.906349080400002, 41.0472446925], [28.9062888581, 41.047102212599995], [28.905366117799996, 41.0455341058], [28.905231461900005, 41.045494489799985], [28.905115225, 41.04543424500001], [28.905019921, 41.04535476579999], [28.904951571500003, 41.0452607179], [28.903738071, 41.042492977799995], [28.9037368715, 41.0424604869], [28.903765138399997, 41.042406753099996], [28.9038250583, 41.04237087359999], [28.907720555600005, 41.04132676289999], [28.9087221616, 41.041071847699996], [28.908929416800003, 41.04094521649999], [28.9090794507, 41.04077861759999], [28.9091333663, 41.0406733126], [28.909163862599993, 41.04056275869999], [28.909170178900002, 41.040450971], [28.909151921, 41.0403276187], [28.909164581100004, 41.04026125949999], [28.9092294007, 41.040171785499986], [28.909337836299997, 41.040111175299984], [28.909442892599998, 41.04009122089999], [28.9096995098, 41.0400992957], [28.909939667500005, 41.04007819869999], [28.9112364133, 41.039830047299986], [28.911984380399993, 41.03971246159999], [28.9121245708, 41.039667858499996], [28.9122380489, 41.039591215799994], [28.91229017019999, 41.039530743], [28.91231298, 41.039467967499995], [28.9123228151, 41.0389854435], [28.912210505, 41.0372932973], [28.911910523400003, 41.035537517099996], [28.9119005505, 41.034801286500006], [28.911995848900002, 41.0341012494], [28.912091634500005, 41.033662774499994], [28.912177532499996, 41.03354355279999], [28.9124264482, 41.03337653109999], [28.9124710833, 41.0333054514], [28.91248476759999, 41.03322742989999], [28.912440151200002, 41.0331069304], [28.912003226099998, 41.032594739], [28.9119832241, 41.03251607899998], [28.912012559200004, 41.0324391157], [28.9120769688, 41.0323847359], [28.9139054856, 41.031404508], [28.914388251499993, 41.03117785629999], [28.914549476799998, 41.03107529359998], [28.9146909504, 41.03095719479999], [28.914845393, 41.03077797129999], [28.914991561800004, 41.030517516], [28.915226561099995, 41.03019176509999], [28.9161947281, 41.0290924568], [28.918195959499993, 41.02725415769999], [28.918602831100003, 41.026844390299985], [28.919182637099997, 41.0263553337], [28.91988849, 41.02579103269999], [28.919991559, 41.02569020419999], [28.920080961400004, 41.0255665944], [28.9201422405, 41.025433514899994], [28.920399193099993, 41.024415924899984], [28.920443773399995, 41.024364180199996], [28.920510634800003, 41.0243293329], [28.9205899501, 41.0243162856], [28.920921252500005, 41.024354571699995], [28.921230273299997, 41.02435260509999], [28.921855083100002, 41.024266049], [28.922568909299997, 41.024130111499986], [28.9229955757, 41.0239511477], [28.9235861259, 41.02363662159999], [28.924118891499994, 41.02326763109999], [28.924588712400002, 41.02285593189999], [28.9253044397, 41.0221654803], [28.925369939299998, 41.022082101799995], [28.925409417299992, 41.0219852181], [28.9254170027, 41.0218839896], [28.9253922521, 41.021784345099995], [28.925336616400003, 41.0216921239], [28.9243489429, 41.020820568599994], [28.9240265305, 41.0205920524], [28.923672271499996, 41.02039240759999], [28.923327866800005, 41.02023869959999], [28.922809306, 41.02005085079999], [28.922120902200003, 41.01985664259999], [28.921707580699994, 41.019768376399995], [28.921106673, 41.01968112619999], [28.920533381599995, 41.019570034], [28.91731145423564, 41.018888563498216]], [[28.91731145423564, 41.018888563498216], [28.9165085426, 41.01871873839999], [28.916306671800005, 41.0187303812], [28.9162175999, 41.018762108899985], [28.9161498696, 41.01884175949999], [28.9161567788, 41.0189363551], [28.9162075999, 41.01899326529999], [28.916736605599997, 41.01921765749999], [28.9168745735, 41.019228635699996], [28.9170102203, 41.01920661969999], [28.9171392165, 41.019148014799995], [28.917234715, 41.019059991], [28.91731145423564, 41.018888563498216]], [[28.91731145423564, 41.018888563498216], [28.9173771663, 41.018741769200005], [28.9174618735, 41.01858834149999], [28.917505254, 41.0185464517], [28.9175979588, 41.01848411709999], [28.9177069504, 41.01843938219999], [28.917826516200005, 41.01841459029999], [28.917950394499993, 41.01841104139999]]]}}, {"id": "A15", "name": "ARNAVUTKÖY MERKEZ-MAHALLER-SULTANGAZİ-FORUM İSTANBUL", "geometry": {"type": "LineString", "coordinates": [[28.894739783200002, 41.04664631879999], [28.894696172599993, 41.046394081], [28.894679728600003, 41.04627787089999], [28.894667954299997, 41.04600238129999], [28.89468363989999, 41.045770247899995], [28.8947318345, 41.0454758877], [28.894873400299996, 41.045177204899986], [28.8949594501, 41.045037326599996], [28.8951314529, 41.04486625209999], [28.8952353513, 41.044768974099995], [28.895239502699994, 41.04469171619999], [28.895229626600003, 41.044640865], [28.8951517165, 41.044595448399996], [28.894998583799993, 41.044579089699994], [28.894754398899995, 41.04459759389999], [28.8944639659, 41.04455907239999], [28.894267722, 41.044533365899994], [28.8939696229, 41.04448285689999], [28.893701990400004, 41.044492199699995], [28.893547461800004, 41.0445592103], [28.893483290099997, 41.044633043699996], [28.893446696900003, 41.0447041642], [28.8933938236, 41.044807887], [28.893372962700003, 41.04487915859999], [28.893315955899997, 41.04499475349999], [28.8932479325, 41.04507099540001], [28.8931519141, 41.045159945399995], [28.8929847874, 41.045274482299995], [28.8928497504, 41.045353653099994], [28.8927275854, 41.0453862141], [28.8926064969, 41.045416418], [28.892326170899995, 41.0454863419], [28.891974395, 41.04558718959999], [28.8917149134, 41.045782433899994], [28.8915090713, 41.04604728289999], [28.8912732568, 41.0465977305], [28.889549410599997, 41.05169379879999], [28.8892964851, 41.0525109063], [28.889200685899997, 41.0529674031], [28.889172867500005, 41.05312437279999], [28.8891765601, 41.05360812659999], [28.889259979799995, 41.05430688129999], [28.889412072, 41.05499447689999], [28.889451079, 41.05529503509999], [28.8895001892, 41.0557433991], [28.8894880459, 41.05609111149999], [28.8893936046, 41.05646662019999], [28.889326019300004, 41.05674232639999], [28.889078120499992, 41.05725929909998], [28.888692156, 41.05775111509999], [28.8881943395, 41.0581560846], [28.887615103913593, 41.058554626907416]]}}, {"id": "B34", "name": "ŞİŞHANE - ŞİŞLİ", "geometry": {"type": "LineString", "coordinates": [[28.9702519541, 41.02881535229999], [28.9705680687, 41.0290314029], [28.970482696, 41.029240595599994], [28.9700370927, 41.0299760119], [28.969894213, 41.030261577699996], [28.9698544416, 41.030471827499994], [28.9698351835, 41.030738485899995], [28.9697799924, 41.030807558599996], [28.9697356818, 41.03081185099999], [28.96966972, 41.03085803279998], [28.969425672799996, 41.0308520392], [28.9690336088, 41.0308151785], [28.968985774400004, 41.03073642769999], [28.9689247476, 41.03046795], [28.968748754599993, 41.0303205169], [28.968519093, 41.03015779369999], [28.968432449800005, 41.030148028199996], [28.968325142, 41.03016749319998], [28.9681956373, 41.030240665], [28.967974891499995, 41.03043499929999], [28.9674947321, 41.030801401699996], [28.966935999200004, 41.031161708599996], [28.966652828, 41.03141704639999], [28.966408115, 41.031674521199996], [28.966374641500003, 41.031751316499985], [28.966327329699997, 41.03209322789999], [28.966293255, 41.03215962849999], [28.9662308097, 41.03220593249999], [28.966144983399996, 41.032230374899996], [28.9660208443, 41.03221936629999], [28.965895911599997, 41.0321846833], [28.9658093213, 41.0321518687], [28.965750240499997, 41.03208878409999], [28.965279591699993, 41.031897654599994], [28.9651680938, 41.031876535], [28.9650118467, 41.031881805], [28.9647899427, 41.0319462201], [28.964408539199994, 41.0320699731], [28.964100467300003, 41.0322119057], [28.9633313773, 41.032685726599986], [28.9629866803, 41.03287218549999], [28.9623691451, 41.033310807599996], [28.962351224899994, 41.03334579029999], [28.962341856199995, 41.03349471039999], [28.962391419700005, 41.034012978499995], [28.962357982099995, 41.034105435099995], [28.9622033935, 41.034232283399994], [28.961325659400003, 41.0349088902], [28.961190992900004, 41.03497051429999], [28.9601245754, 41.03536529019999], [28.959829037, 41.035583865], [28.9596758044, 41.0358057768], [28.959635126899997, 41.0358993783], [28.959644035200004, 41.03596605959999], [28.959992360600005, 41.0362410878], [28.960098647, 41.0363649792], [28.960280045, 41.0366744231], [28.9608506835, 41.03806561], [28.9609590308, 41.03826608409999], [28.961086458900002, 41.0383987138], [28.9612698162, 41.0385039998], [28.9619665282, 41.03872962479999], [28.9620975094, 41.03882013959999], [28.962132089199994, 41.0388722684], [28.9621366403, 41.038933061], [28.9621217711, 41.0389781929], [28.961910224200004, 41.039245022], [28.96169368389999, 41.0395765029], [28.961319812599996, 41.0402358083], [28.961083298799995, 41.0407089663], [28.960925486799997, 41.041078156], [28.9607611379, 41.0413757503], [28.9606600548, 41.0416005718], [28.960491612599995, 41.04206864259999], [28.960473273, 41.0422017769], [28.9604366993, 41.04223573739999], [28.960320825799997, 41.04226160879999], [28.960244705800005, 41.0422996363], [28.9601682682, 41.04235791069999], [28.959917376899995, 41.0426540431], [28.95934878, 41.04344909579999], [28.9592689401, 41.043537480199994], [28.9589262834, 41.04405255179999], [28.958880242, 41.0441740458], [28.958607705900004, 41.0455155197], [28.958499435600004, 41.04628176279999], [28.958435286299995, 41.04637194149999], [28.958322008, 41.04674872409999], [28.958294272, 41.0469162695], [28.958298844200005, 41.04706827909998], [28.9583873546, 41.0476431734], [28.958388176499994, 41.048474776], [28.958515765799998, 41.048829321199996], [28.9587589451, 41.0493540071], [28.959012107300005, 41.04980778329999], [28.9592170314, 41.05024058429999], [28.9593028188, 41.050524969099996], [28.9594399532, 41.05144917479999], [28.959481011299996, 41.05186374739999], [28.9598329508, 41.0523492579], [28.960144078399995, 41.052826982099994], [28.960224882200002, 41.0528520113], [28.960820491399996, 41.05294657569999], [28.9610714614, 41.05302203859999], [28.961322340900004, 41.0531229519], [28.961608786800003, 41.0532470273], [28.9617543178, 41.0533462069], [28.96203583, 41.0536065842], [28.962231382600002, 41.0539595077], [28.962675516699992, 41.0550755324], [28.962908976899993, 41.0556042168], [28.9631179106, 41.05597924959999], [28.963443996899993, 41.05647643259999], [28.963896957299998, 41.0570682071], [28.965177951099992, 41.058443970199995], [28.9654621225, 41.05883734439999], [28.9662652095, 41.05980350119999], [28.9664276855, 41.059965122399994], [28.9667115868, 41.060147711199996], [28.9670224801, 41.06044128109999], [28.9674095749, 41.060927759399995], [28.967545341199994, 41.06116245119999], [28.967708091900004, 41.06138261379999], [28.9680210692, 41.06177851329999], [28.9683515061, 41.0621571294], [28.9687174312, 41.062408174599994], [28.9690161136, 41.0627324714], [28.969343890700003, 41.063592592], [28.969466695100003, 41.06379143], [28.969624830300003, 41.063945079499995], [28.969830431300004, 41.064082714899996], [28.970074157500004, 41.06419781879998], [28.97040796211971, 41.06434017074249]]}}, {"id": "A29", "name": "İNCİRLİ- BAĞCILAR MEYDAN-EVREN MAH.-MAHMUTBEY", "geometry": {"type": "MultiLineString", "coordinates": [[[28.8853845863, 40.99554621419999], [28.884841468399994, 40.9955102018], [28.883972270500003, 40.99547958429999], [28.8829397052, 40.99522196809999], [28.8814822992, 40.995622046], [28.8812027304, 40.9956848568], [28.880884096099997, 40.99565199229999], [28.8804130042, 40.99547210349999], [28.8789676987, 40.9951379656], [28.8784695803, 40.99516257679999], [28.877622226700005, 40.995382426499994], [28.8765339355, 40.995667343], [28.876089270500003, 40.9957136883], [28.8743119408, 40.99554773009999], [28.874158003899996, 40.995685069], [28.874152633099996, 40.99588602259999], [28.8740562661, 40.9974952094], [28.873971458300005, 40.9974068655], [28.8729217312, 40.99656069969999], [28.872937823099992, 40.995975619099994], [28.86992725849999, 40.99594873059999], [28.869771174900002, 40.99774028819999], [28.870225589400004, 40.99939491569999], [28.870273656290408, 40.9993884956534]], [[28.870273656290408, 40.9993884956534], [28.872985582099997, 40.99902627669999], [28.8728923401, 40.99864576229999], [28.872827509200004, 40.99838222619999], [28.872488888099994, 40.9983321022], [28.87132859, 40.99839566079999], [28.8701265379, 40.99863346189999], [28.870207126, 40.9990470573], [28.870273656290408, 40.9993884956534]], [[28.870273656290408, 40.9993884956534], [28.8708812059, 41.0025064032], [28.8713392107, 41.005049804599984], [28.8707132597, 41.00586693569999], [28.869436497400002, 41.00796110569999], [28.866919452399998, 41.0109222993], [28.8617020302, 41.015523776399995], [28.860902596899997, 41.016548454799995], [28.85925411185514, 41.019192743757344]]]}}, {"id": "A16", "name": "GAZİ MAHALLESİ - CEBECİ - KÜÇÜKKÖY - EDİRNEKAPI", "geometry": {"type": "LineString", "coordinates": [[28.917950394499993, 41.01841104139999], [28.917855014599997, 41.01841632469999], [28.917764893, 41.01844056379999], [28.9176864755, 41.01848202549999], [28.9176253711, 41.0185377453], [28.917284463200005, 41.01934174529998], [28.917052399, 41.019709097499984], [28.916738298100004, 41.020071168699985], [28.916107338200003, 41.02064500669999], [28.915713273700003, 41.02104069359999], [28.915684477300005, 41.02111881479998], [28.916113073499993, 41.02190316559999], [28.916310017400004, 41.02206950779999], [28.9165197149, 41.022188475], [28.916754753099998, 41.022276162899985], [28.9181044589, 41.02254657609999], [28.91832001, 41.022614728399994], [28.918517917400003, 41.02270869139999], [28.9187057227, 41.0228362474], [28.919094574700004, 41.02317662989999], [28.9197904167, 41.023964761599984], [28.920068372799992, 41.024149680799994], [28.920448860700002, 41.024301736599995], [28.920509096099998, 41.024370330699995], [28.9205166952, 41.024452508199985], [28.9202538596, 41.025404532899984], [28.9201537982, 41.0256074787], [28.9200122036, 41.0257957101], [28.919917849599994, 41.025891240199996], [28.9191428601, 41.02648998749999], [28.918627384599997, 41.02692351519999], [28.91560041649999, 41.02979485769999], [28.915274856099998, 41.030158983599996], [28.915025345899995, 41.0305560558], [28.914941418299996, 41.03076569659999], [28.9148882977, 41.03104684569999], [28.914743776199998, 41.0314118047], [28.914562177500002, 41.031713013699985], [28.914041056499997, 41.0327504768], [28.9138127169, 41.033281435], [28.913489389, 41.03389090759999], [28.913025921299994, 41.034627328099994], [28.912803221499995, 41.03515292659999], [28.9125370101, 41.036285346], [28.912299142299997, 41.0375253855], [28.912301734600003, 41.037779445199995], [28.912467574700003, 41.039070615899995], [28.9124807207, 41.0396620635], [28.912456893800005, 41.0402242654], [28.912432098599993, 41.040301729], [28.912349343500004, 41.04038374839999], [28.912226580599995, 41.0404286234], [28.911538887799992, 41.0404366018], [28.910966486099998, 41.040544589299984], [28.9038846328, 41.04242058949998], [28.903839729499996, 41.04246410989999], [28.905045089, 41.045225610799996], [28.9051144664, 41.04530371989999], [28.905192833, 41.04533340169999], [28.9052803892, 41.0453360596], [28.906730956199993, 41.04511555839999], [28.907274538200003, 41.045019917], [28.9079240123, 41.044892009099996], [28.9093377831, 41.044527886199994], [28.909402423, 41.04452927770001], [28.9094692933, 41.044557300899996], [28.9095090851, 41.04460670419999], [28.910037906400003, 41.0459742967], [28.910077672899998, 41.0462501092], [28.910043868500004, 41.04632868179999], [28.909949129, 41.04636971979999], [28.908247989599996, 41.046390190299995], [28.9081522849, 41.046417663499994], [28.908091181, 41.046479827599995], [28.9080809268, 41.04654339019999], [28.9081169356, 41.04665256409999], [28.9084580043, 41.047288128199995], [28.9084129639, 41.0473589889], [28.9080872845, 41.047495938699996], [28.908025357299994, 41.0475429506], [28.907983866500004, 41.04760144309999], [28.907965962099993, 41.0476726148], [28.907955267899997, 41.048342897699996], [28.907812474900002, 41.0486858448], [28.907701087600003, 41.0488549357], [28.907674922299993, 41.0489264567], [28.907712099500003, 41.050092833799994], [28.9077594907, 41.0504495744], [28.907864652800004, 41.050745384599985], [28.907840074399992, 41.05081354579999], [28.907747088900003, 41.05084815949999], [28.9072493238, 41.0508103638], [28.906740614, 41.0508217149], [28.9064430019, 41.05085456969999], [28.906235641900004, 41.0509276041], [28.906071085599994, 41.051047346599994], [28.905785418599997, 41.051380213], [28.9053172647, 41.05197361689999], [28.904741771, 41.05244804019999], [28.9044549679, 41.0526117273], [28.903456755600004, 41.05303290849999], [28.9024471146, 41.05357219079999], [28.9024059159, 41.053632113], [28.90242417, 41.05367934249999], [28.903414304899997, 41.0547387496], [28.9035835427, 41.05495943519999], [28.903639097, 41.05507705859999], [28.903806603499998, 41.05558969689999], [28.903857253400002, 41.05591624129999], [28.9041463267, 41.0565434285], [28.9041566122, 41.056655123199995], [28.9041187959, 41.0567633673], [28.9036051335, 41.05735998469999], [28.9035896381, 41.057405982599995], [28.903606770800003, 41.057451645299984], [28.9050412377, 41.05840570489999], [28.9050842876, 41.058422053399994], [28.9051700467, 41.05840501], [28.905647442900005, 41.058012625699995], [28.905847339800005, 41.057906293900004], [28.906018624499996, 41.0578553845], [28.9061593403, 41.057843183299994], [28.9063088779, 41.0578650992], [28.906441976299995, 41.05792115639999], [28.9065436766, 41.05800382939999], [28.906607203399997, 41.0581060477], [28.9070528884, 41.0595013661], [28.9070233432, 41.059616846199994], [28.906916738799993, 41.05970243039999], [28.906283877900005, 41.05988391119999], [28.9061270931, 41.0599142856], [28.905735174099995, 41.059923785399995], [28.90533183, 41.059911690199996], [28.90418052879999, 41.059850513], [28.90386904, 41.05987086689999], [28.903598494900002, 41.059924686999985], [28.903382994599998, 41.06002858829999], [28.9031451818, 41.060226035], [28.902722553600004, 41.06077492639999], [28.902631618699992, 41.06093199779998], [28.9025689986, 41.0611772587], [28.902558512, 41.061866789899995], [28.902576012699992, 41.062504246399996], [28.9026203435, 41.06317508889999], [28.9026912879, 41.06369087209999], [28.903029162799996, 41.064633069], [28.903144355, 41.06480095409999], [28.9034073182, 41.0650290014], [28.9047289182, 41.0658622174], [28.905030457699997, 41.066080254599996], [28.905189222900002, 41.06624383529999], [28.9053133897, 41.06642374049999], [28.905375626300003, 41.0665666682], [28.90538879169999, 41.066712376599995], [28.905376899699043, 41.06676012537451]]}}, {"id": "A16", "name": "GAZİ MAHALLESİ - CEBECİ - KÜÇÜKKÖY - EDİRNEKAPI", "geometry": {"type": "LineString", "coordinates": [[28.917950394499993, 41.01841104139999], [28.9178597022, 41.018413642199995], [28.9177736225, 41.01843542680001], [28.9176990819, 41.01847464149999], [28.9176420787, 41.0185281306], [28.916992515, 41.01973789], [28.9168456308, 41.01991309539999], [28.9157815829, 41.02096789659999], [28.915721184, 41.021094014499994], [28.915737465, 41.0212276044], [28.916048770900005, 41.02182497279999], [28.916113073499993, 41.02190316559999], [28.916247359599996, 41.022001774699994], [28.9165247404, 41.022159247199994], [28.916832452199994, 41.0222801564], [28.917079465100002, 41.0223451121], [28.918082560700004, 41.02254434539999], [28.918316778, 41.022621729499996], [28.918532242900003, 41.022725773], [28.918732044800002, 41.022860518099996], [28.919124791, 41.02319653829999], [28.9197904167, 41.023964761599984], [28.920083739399995, 41.024150243499996], [28.9204543457, 41.024300409399984], [28.9205108029, 41.02436316209999], [28.920518170700003, 41.024438891199985], [28.9202689484, 41.025361701799994], [28.9201309881, 41.0256144964], [28.919947657099996, 41.025850176], [28.9198495143, 41.02594777209999], [28.9189634372, 41.026634662499994], [28.9185469443, 41.02699543189999], [28.9180772179, 41.02747277839999], [28.9173995651, 41.028115182899995], [28.916686637600005, 41.028751865299995], [28.9162683601, 41.0291689768], [28.9154339988, 41.0299529705], [28.915206904, 41.03021946829999], [28.915073864900002, 41.030431639199996], [28.914997175, 41.0306142307], [28.914908946899995, 41.0309710631], [28.9148049409, 41.0312388279], [28.914179632799996, 41.032483032999984], [28.9138127169, 41.033281435], [28.913055524699995, 41.0345680183], [28.9129386074, 41.034802256], [28.91274417, 41.03536892689999], [28.9125370101, 41.036285346], [28.9122985721, 41.0375299012], [28.9123119689, 41.0378995031], [28.9124119471, 41.03848337029999], [28.912467574700003, 41.039070615899995], [28.9124566469, 41.040199671299995], [28.912430300100002, 41.0402887458], [28.9123452386, 41.04037375259999], [28.912219062500004, 41.040421160799994], [28.911538887799992, 41.0404366018], [28.911026804, 41.04053725349999], [28.909094162200002, 41.041034836799994], [28.905310777299995, 41.042050828399994], [28.9039426177, 41.04240155299998], [28.903886698099992, 41.0424299386], [28.9038553419, 41.0424750456], [28.903858333100004, 41.0425317275], [28.904067815199998, 41.04297019719999], [28.905045089, 41.045225610799996], [28.9051152614, 41.045300892], [28.9051966364, 41.045332401399996], [28.905287875799996, 41.04533650889999], [28.906868824299995, 41.04510388749999], [28.9078925678, 41.0449003246], [28.90933573649999, 41.0445318278], [28.909406091899996, 41.04453260529999], [28.909469286199993, 41.044558881099995], [28.909508488, 41.044604690599996], [28.910008933, 41.0458735793], [28.910046603500003, 41.046004532699996], [28.9100815738, 41.046282630099995], [28.9100480099, 41.0463406437], [28.9099735187, 41.0463694697], [28.9082377259, 41.046390013], [28.908148507700005, 41.04641951679999], [28.9080915113, 41.04647927329999], [28.90807981149999, 41.046531575799996], [28.9080948707, 41.046589163499995], [28.908366450099997, 41.0470736277], [28.908463150200003, 41.047291688599984], [28.9084269991, 41.047351622099995], [28.908071908299995, 41.0475054232], [28.907984797, 41.047600266], [28.9079668196, 41.0476698874], [28.9079681957, 41.048195856099994], [28.9079495446, 41.048340948], [28.907806592, 41.0486998061], [28.9077030781, 41.0488516662], [28.9076770067, 41.0489216763], [28.907712099500003, 41.050092833799994], [28.907755759099995, 41.05046692549999], [28.9078639259, 41.05074373619999], [28.9078402888, 41.05080928249999], [28.9077506238, 41.0508424195], [28.907295837499994, 41.050803158399994], [28.906851483, 41.05081312309999], [28.906437119, 41.0508621045], [28.906223658300004, 41.0509348478], [28.9060591369, 41.051059735699994], [28.905785418599997, 41.051380213], [28.9054082333, 41.0518668127], [28.9052049025, 41.052086851199995], [28.905097488700005, 41.05217981509999], [28.904452043199996, 41.05261909919999], [28.9042400136, 41.0527192444], [28.903553530600004, 41.05298429839999], [28.9033345824, 41.053095277699995], [28.902452351, 41.0536000128], [28.9024236671, 41.05364755069999], [28.902438582300004, 41.0536944945], [28.903414304899997, 41.0547387496], [28.9035888305, 41.05496628729999], [28.9037998283, 41.055574055], [28.9038569878, 41.0559154698], [28.90415806349999, 41.0566200003], [28.9041622683, 41.0566857367], [28.904135887600003, 41.056748447599986], [28.903592037, 41.0573782163], [28.903580152799996, 41.05740703859999], [28.903596256899995, 41.05744852789999], [28.905062924300005, 41.0584203791], [28.905102873199997, 41.0584342058], [28.9051815872, 41.0584206944], [28.9055640141, 41.058070976399996], [28.905738804400002, 41.0579639155], [28.905933801399996, 41.0578791762], [28.9060742443, 41.057856747199985], [28.906181986, 41.0578594241], [28.906320182700004, 41.057888778], [28.906442644500004, 41.057945449200005], [28.9065549827, 41.058042163599985], [28.90661094379999, 41.058134760099996], [28.906938688900002, 41.05911043559999], [28.9070485749, 41.05949360399998], [28.907017830500003, 41.0596116056], [28.906962589699997, 41.059670177], [28.9068963053, 41.0597085882], [28.9062744188, 41.0598845877], [28.906112563099995, 41.05991436469999], [28.905954970299998, 41.0599249334], [28.90533183, 41.059911690199996], [28.904213531199993, 41.0598556558], [28.903846248899995, 41.0598769225], [28.9036086354, 41.05992918119999], [28.9033643016, 41.060042448099985], [28.9031040392, 41.060280214900004], [28.902663656, 41.06086504879999], [28.9026084174, 41.060971284199994], [28.9025778768, 41.061083085299984], [28.902557482200002, 41.0620085205], [28.902619137399995, 41.063210207699996], [28.9026912879, 41.06369087209999], [28.9030461202, 41.06467268549999], [28.9031267481, 41.064790034499985], [28.9032405656, 41.0648904039], [28.905107182, 41.06611617069999], [28.905224325699994, 41.06624096869999], [28.905313477, 41.0663783813], [28.9053833798, 41.06656688409999], [28.905392138799996, 41.06671600749999], [28.90537978982503, 41.06676129007158]]}}, {"id": "A37", "name": "ESENTEPE MAH.-KÜÇÜKKÖY-GAZİOSMANPAŞA", "geometry": {"type": "MultiLineString", "coordinates": [[[28.908108655025952, 41.067435891432524], [28.908282243800002, 41.066913437699995], [28.908414964400002, 41.0665770355], [28.908577042399997, 41.066218402299995], [28.908864920600003, 41.0656718661], [28.9089328743, 41.06558697229999], [28.909108849400003, 41.065276378099995], [28.9091540258, 41.06511817869998], [28.9091410707, 41.0649648721], [28.9090183581, 41.0646096402], [28.9089456935, 41.064233961499994], [28.908387170299992, 41.06317517739999], [28.907974073700004, 41.062216188499995], [28.9076054684, 41.060603914], [28.9074466147, 41.06003079429999], [28.9073043186, 41.059645592], [28.907304873799998, 41.059578417], [28.9073515869, 41.0595000893], [28.907406671600004, 41.0594607693], [28.908757226399995, 41.0590295564], [28.909184738699995, 41.058917223499996], [28.9110546822, 41.0583473046], [28.912105225, 41.0578469944], [28.912395368699993, 41.057801027099984], [28.913002652799996, 41.05790681789998], [28.913616845200004, 41.0580011397], [28.913873009381387, 41.058022351845054]], [[28.913873009381387, 41.058022351845054], [28.914699238300003, 41.05809076919999], [28.9164369435, 41.0580469497], [28.916569776800003, 41.05804359839999], [28.91669366, 41.0579630192], [28.9167325958, 41.057891913499994], [28.9166519667, 41.05762670939999], [28.916467197700005, 41.05737839319999], [28.9164401064, 41.05730309289999], [28.914609956399996, 41.0572036763], [28.914179992800005, 41.057224640399994], [28.9138985525, 41.057400668], [28.9137729433, 41.057574590099996], [28.913770885800005, 41.057699647], [28.9138486619, 41.0578775473], [28.9138822804, 41.05801205289998], [28.913873009381387, 41.058022351845054]], [[28.913873009381387, 41.058022351845054], [28.9137746369, 41.0581316313], [28.913706822499996, 41.058206965], [28.913484074, 41.0582495119], [28.912451307100003, 41.057844438199986], [28.9122272709, 41.0579745465], [28.912576487199996, 41.05855676529999]]]}}], "taxi": [{"id": 67, "name": "ŞEHREMİNNİ TAKSİ DURAĞI", "distance_m": 467.8614299, "location": {"type": "Point", "coordinates": [28.9309784003, 41.0166651008]}}, {"id": 310, "name": "İSPARK - FATİH VATAN MİGROS ÖNÜ", "distance_m": 510.1183258, "location": {"type": "Point", "coordinates": [28.9401872, 41.0159063012]}}, {"id": 70, "name": "FINDIKZADE TELE TAKSİ", "distance_m": 536.83701618, "location": {"type": "Point", "coordinates": [28.9379331997, 41.0094210006]}}, {"id": 515, "name": "HASEKİ HASTANE TAKSİ", "distance_m": 879.37113619, "location": {"type": "Point", "coordinates": [28.9434067614, 41.0090784137]}}, {"id": 464, "name": "ERESİN OTEL TAKSİ", "distance_m": 1017.52667096, "location": {"type": "Point", "coordinates": [28.9254189756, 41.019370092]}}, {"id": 502, "name": "ROFO TAKSİ", "distance_m": 1170.64936245, "location": {"type": "Point", "coordinates": [28.9438261692, 41.0217513525]}}, {"id": 22, "name": "İSKENDERPAŞA TAKSİ", "distance_m": 1175.00381755, "location": {"type": "Point", "coordinates": [28.9485591994, 41.0158495007]}}, {"id": 258, "name": "Samatya SGK Hastane - 1", "distance_m": 1288.52818373, "location": {"type": "Point", "coordinates": [28.9371999996, 41.0022000001]}}, {"id": 266, "name": "Aksaray Taksi", "distance_m": 1401.18752602, "location": {"type": "Point", "coordinates": [28.9499000006, 41.0081999991]}}, {"id": 23, "name": "İSPARK HORHOR - FATİH", "distance_m": 1425.1759004, "location": {"type": "Point", "coordinates": [28.9518194001, 41.014178101]}}], "bicycle": [], "nearest_distances_m": {"metro_m": 344.1026369, "metrobus_m": 1603.27855351, "bus_m": 107.05695947, "grocery_m": 214.52332649, "clothing_m": 839.93202857, "malls_m": 1334.80095929, "parks_m": null, "taxi_m": 467.8614299, "minibus_m": 1486.078816558159, "bicycle_m": null}}