{"listing": {"id": "20", "title": "ESENYURT SATLIK DAİRE 2+1 BAHÇEKATI", "lat": 41.02680048895956, "lng": 28.685781417968723}, "metro": [{"id": 192, "name": "Olimpiyat", "distance_m": 9109.08766455, "location": {"type": "Point", "coordinates": [28.768494442218014, 41.07978582261958]}}, {"id": 203, "name": "Atatürk Mahallesi", "distance_m": 9922.48139316, "location": {"type": "Point", "coordinates": [28.79864644035015, 41.05288544691126]}}, {"id": 193, "name": "Ziya Gökalp Mahallesi", "distance_m": 9993.66143361, "location": {"type": "Point", "coordinates": [28.786425453865895, 41.07468683895818]}}], "metrobus": [{"id": 38, "name": "Haramidere Sanayi", "distance_m": 2506.78549734, "location": {"type": "Point", "coordinates": [28.685371, 41.00423]}}, {"id": 39, "name": "Haramidere", "distance_m": 2549.25861113, "location": {"type": "Point", "coordinates": [28.673016, 41.005981]}}, {"id": 40, "name": "Güzelyurt", "distance_m": 2827.5270964, "location": {"type": "Point", "coordinates": [28.665256, 41.006637]}}, {"id": 37, "name": "Saadetdere Mah.", "distance_m": 3068.65011851, "location": {"type": "Point", "coordinates": [28.693001, 40.999715]}}, {"id": 41, "name": "Beylikdüzü", "distance_m": 3080.39446013, "location": {"type": "Point", "coordinates": [28.657147, 41.009508]}}, {"id": 42, "name": "Beylikdüzü Belediye", "distance_m": 3449.06294575, "location": {"type": "Point", "coordinates": [28.649437, 41.012418]}}], "bus": [{"id": 3970, "name": "FATÝH MAHALLESÝ", "distance_m": 129.90667712, "location": {"type": "Point", "coordinates": [28.6849369999755, 41.0258210005574]}}, {"id": 3969, "name": "FATÝH MAHALLESÝ", "distance_m": 171.16588924, "location": {"type": "Point", "coordinates": [28.6848029999755, 41.0254490005573]}}, {"id": 3971, "name": "ESENYURT BELEDÝYESÝ KÜLTÜR MERKEZÝ", "distance_m": 197.58688549, "location": {"type": "Point", "coordinates": [28.6837279999748, 41.0276650005573]}}, {"id": 6172, "name": "NAZIM HÝKMET PARKI", "distance_m": 217.85501151, "location": {"type": "Point", "coordinates": [28.6832139592655, 41.0270609868843]}}, {"id": 6171, "name": "NAZIM HÝKMET PARKI", "distance_m": 235.39615803, "location": {"type": "Point", "coordinates": [28.6830599942834, 41.0272959960206]}}, {"id": 3972, "name": "ESENYURT BELEDÝYESÝ KÜLTÜR MERKEZÝ", "distance_m": 339.34594326, "location": {"type": "Point", "coordinates": [28.6833504201907, 41.0292393470964]}}, {"id": 3967, "name": "ÝNCÝRTEPE", "distance_m": 341.77107623, "location": {"type": "Point", "coordinates": [28.6857659999756, 41.0237230005571]}}, {"id": 3968, "name": "ÝNCÝRTEPE", "distance_m": 368.51634371, "location": {"type": "Point", "coordinates": [28.6862599999756, 41.0235020005571]}}], "grocery": [{"id": 3140, "name": "A101", "distance_m": 354.00851926, "location": {"type": "Point", "coordinates": [28.6862939, 41.0236365]}}, {"id": 1143, "name": "A101", "distance_m": 354.00851926, "location": {"type": "Point", "coordinates": [28.6862939, 41.0236365]}}, {"id": 3251, "name": "Şok Market", "distance_m": 427.14688249, "location": {"type": "Point", "coordinates": [28.6819457, 41.0293217]}}, {"id": 1254, "name": "Şok Market", "distance_m": 427.14688249, "location": {"type": "Point", "coordinates": [28.6819457, 41.0293217]}}, {"id": 1093, "name": "BİM", "distance_m": 2231.96160565, "location": {"type": "Point", "coordinates": [28.7005547, 41.0101053]}}, {"id": 3090, "name": "BİM", "distance_m": 2231.96160565, "location": {"type": "Point", "coordinates": [28.7005547, 41.0101053]}}], "clothing": [], "malls": [{"id": 12, "name": "Marmara Park", "distance_m": 1758.10623829, "location": {"type": "Point", "coordinates": [28.6791, 41.0118]}}, {"id": 13, "name": "Torium", "distance_m": 4561.28517974, "location": {"type": "Point", "coordinates": [28.6948, 40.9863]}}, {"id": 2, "name": "Mall of Istanbul", "distance_m": 10776.52749453, "location": {"type": "Point", "coordinates": [28.8049507, 41.0625272]}}, {"id": 21, "name": "StarCity Outlet Center", "distance_m": 11442.49967957, "location": {"type": "Point", "coordinates": [28.82, 41.01]}}], "parks": [{"id": 3, "name": "Mehmet Akif Ersoy Parkı", "distance_m": 1165.92709953, "location": {"type": "Point", "coordinates": [28.6946, 41.0187]}}, {"id": 7, "name": "Harman Park", "distance_m": 1647.34503897, "location": {"type": "Point", "coordinates": [28.6797, 41.0127]}}, {"id": 5, "name": "Kuzey Park", "distance_m": 1825.54624072, "location": {"type": "Point", "coordinates": [28.6659, 41.0334]}}, {"id": 1, "name": "Recep Tayyip Erdoğan Park", "distance_m": 1843.52530708, "location": {"type": "Point", "coordinates": [28.6756, 41.0121]}}, {"id": 2, "name": "Şehitler Parkı (Martyrs' Park)", "distance_m": 2519.52212858, "location": {"type": "Point", "coordinates": [28.6577, 41.0189]}}, {"id": 4, "name": "Gaziler Parkı (Veterans' Park)", "distance_m": 2573.72682079, "location": {"type": "Point", "coordinates": [28.6701, 41.0069]}}, {"id": 6, "name": "Necmettin Erbakan Parkı", "distance_m": 4197.25112724, "location": {"type": "Point", "coordinates": [28.6953, 40.9897]}}], "minibus": [{"id": "A43", "name": "AVCILAR - ESENYURT", "geometry": {"type": "LineString", "coordinates": [[28.73116460856263, 40.98072220422435], [28.730458177800003, 40.98111032919999], [28.7284264104, 40.98230802829998], [28.7270642107, 40.9832382946], [28.7262193673, 40.983743468], [28.725258866499995, 40.984224472399994], [28.7242269923, 40.9848488933], [28.72393506, 40.985153647199986], [28.7239025705, 40.985208082499994], [28.7238662887, 40.98533692649999], [28.723766276099997, 40.986103867], [28.723691462699993, 40.986230178099994], [28.7235980215, 40.986298945], [28.723481750899996, 40.98635748769999], [28.7230638996, 40.98650572419999], [28.722931291, 40.986631545799995], [28.722797910300002, 40.98705326819999], [28.7227200827, 40.98720261259999], [28.722629551499995, 40.98734163219999], [28.722467097700005, 40.987520876599994], [28.7210674991, 40.988926843], [28.7199331341, 40.98993496939999], [28.71949283689999, 40.990341791], [28.719362382499998, 40.9904875679], [28.7175567522, 40.99268281629998], [28.715016520699994, 40.995878294], [28.714383965300005, 40.99671460279999], [28.7138740845, 40.99770951749999], [28.713412635699996, 40.99880026489999], [28.7131532359, 40.99952638189999], [28.712897137499997, 41.00001422319998], [28.71260480879999, 41.00047593019998], [28.7122909807, 41.000764812399986], [28.7121234256, 41.000852488199996], [28.711446959700005, 41.001516762399994], [28.7103942112, 41.002447226], [28.7084080389, 41.004071219299995], [28.707101985399994, 41.00516558], [28.706332506, 41.0058371188], [28.7047559579, 41.007170228099994], [28.7022797238, 41.0092317306], [28.701979780899997, 41.00945110649999], [28.701619938900002, 41.009757125099995], [28.7011274541, 41.010121385799984], [28.700478091100003, 41.010567010399996], [28.7001358264, 41.0107787566], [28.699249604400002, 41.011284818899995], [28.698382160499996, 41.01175003849999], [28.69791511309999, 41.01198895819999], [28.6968162722, 41.0124892892], [28.694146336, 41.0137523533], [28.6933406513, 41.01411461569999], [28.692924593700003, 41.0143497403], [28.6926442127, 41.01454739609999], [28.692209468800005, 41.0149168706], [28.690870492, 41.016225117699996], [28.6904141175, 41.01669562149999], [28.6901158387, 41.01703015679999], [28.6899432191, 41.017279957899994], [28.68941352, 41.01818054259999], [28.686297626200002, 41.02330081139999], [28.685431071, 41.024754427399984], [28.6847415668, 41.0260806947], [28.6838660031, 41.02794553479999], [28.683523644499996, 41.02861781169999], [28.682101932400002, 41.03124374119999], [28.6810420745, 41.03297234789999], [28.680402269700004, 41.0340413802], [28.6803052221, 41.03423702789999], [28.680059912400004, 41.034599092], [28.678924871299994, 41.037052944], [28.6784951889, 41.0380472468], [28.6780749797, 41.038893509599994], [28.6763276791, 41.042130466], [28.676099928599992, 41.042489718], [28.675906165700003, 41.04286295469999], [28.673810634099997, 41.04836325070001], [28.673473506299995, 41.049469453899995], [28.673424977100005, 41.04995751189999], [28.6733849867, 41.050169815], [28.673322331200005, 41.050314825099996], [28.6731449969, 41.05052085629999], [28.6728884204, 41.0507254092], [28.6722800518, 41.0511266412], [28.670968250699993, 41.052170895], [28.670740513700004, 41.0523738541], [28.670547278, 41.052608655299984], [28.670377938799994, 41.05292596559998], [28.670330586, 41.0530560271], [28.6702832157, 41.053345716900004], [28.670282952299996, 41.0535174386], [28.670465499200002, 41.054448306299996], [28.670553196799997, 41.05470891149999], [28.6710206225, 41.0554388023], [28.6711386727, 41.055725422699986], [28.6713566902, 41.056361385699994], [28.671465574499994, 41.0565219176], [28.6725193862, 41.0573572642], [28.672598440099996, 41.057469731699996], [28.6728284529, 41.05765703059999], [28.674690155700002, 41.059094088399995], [28.674844499900004, 41.05925358489999], [28.675230571600004, 41.059515757199996], [28.67722871, 41.061117410499996], [28.6792305367, 41.062629792699994], [28.6794727102, 41.0628659449], [28.6794773461, 41.062948905099994], [28.679447441199997, 41.0629962091], [28.679341858, 41.063050270299996], [28.6788361596, 41.06315406119999], [28.677763345, 41.06334759189999], [28.676229888400005, 41.063594903], [28.675123261300005, 41.06384138479999], [28.67456769189999, 41.06398270179999], [28.6737037802, 41.064234698099995], [28.6727458615, 41.0645759748], [28.6724773262, 41.06469033639999], [28.672032265599995, 41.065007214], [28.671887412, 41.0650883019], [28.6717614504, 41.0651241057], [28.6716370504, 41.06512523049999], [28.671535367100002, 41.06510018809998], [28.671172670699992, 41.06495200869999], [28.6700332054, 41.06496956219999], [28.669204466599997, 41.0648475397], [28.668086721200005, 41.0645611487], [28.6676010179, 41.0644775675], [28.6663946958, 41.064354674], [28.6662762084, 41.06437688809999], [28.666111924600003, 41.064437880599996], [28.666054525, 41.06444341089999], [28.6657650595, 41.0644062296], [28.6656215592, 41.064438778299994], [28.6653091098, 41.06460106709999], [28.6650374378, 41.06478758590001], [28.6647619274, 41.065011916799996], [28.6645152632, 41.06527503289999], [28.6639297308, 41.06596362389999], [28.663292010599992, 41.0665106098], [28.662471164500005, 41.0673182339], [28.6605024315, 41.06960581519999], [28.6581804855, 41.0722255006], [28.657955377899995, 41.07245873419999], [28.6572236877, 41.07314347309998], [28.6558105209, 41.07436343549998], [28.655681733199994, 41.0744878238], [28.655577322, 41.07462439999998], [28.655472370900004, 41.0749150249], [28.655454530700002, 41.075121274299995], [28.655473695, 41.07549412309999], [28.6556231188, 41.07580073369999], [28.655739999700003, 41.075863627499984], [28.655803818300004, 41.07594537269999], [28.6558045108, 41.076034957], [28.655768405200003, 41.0760764655], [28.6557111485, 41.07610533919999], [28.655472642700005, 41.0761338861], [28.655395914799993, 41.076152645], [28.6552949625, 41.0762014958], [28.655215671799994, 41.0762765079], [28.65510578249999, 41.076424910499995], [28.653774224180015, 41.078875119524746]]}}, {"id": "A43", "name": "AVCILAR - ESENYURT", "geometry": {"type": "LineString", "coordinates": [[28.641111871199996, 41.015888488899996], [28.6388637162, 41.016725766799986], [28.638796451, 41.0168892666], [28.6387958844, 41.01701009429999], [28.6389756577, 41.0171316688], [28.639256872099995, 41.01722971969999], [28.6399698191, 41.01751509199999], [28.641279859499996, 41.0180676376], [28.6414268492, 41.018201898700006], [28.6414229744, 41.018305239], [28.6409872988, 41.018412196899995], [28.6406271029, 41.01841746529999], [28.639956847399997, 41.0191413056], [28.6393185445, 41.01987473679999], [28.6391266105, 41.02004931289999], [28.6396286838, 41.0206698895], [28.641058334699995, 41.0217858981], [28.6411115807, 41.02213638149999], [28.6409898656, 41.022456567], [28.6406141196, 41.0228309331], [28.6403765497, 41.02315546889999], [28.6407502603, 41.023186083399985], [28.6423867184, 41.023855534], [28.6425474394, 41.023989868899996], [28.642660660499995, 41.024215781], [28.6426585392, 41.02487509889999], [28.6447020992, 41.024886231299995], [28.644663660499997, 41.02513001479999], [28.6446977486, 41.0255973821], [28.6443917472, 41.027712084499996], [28.644742402900004, 41.02858197359999], [28.6456075415, 41.0297075411], [28.645794186599996, 41.0298866688], [28.646100180499996, 41.03032110799999], [28.646507049399997, 41.031412877], [28.6466698625, 41.03164857059999], [28.646785875699997, 41.031753488899994], [28.647963901, 41.033047923699996], [28.6480682873, 41.032986893099995]]}}, {"id": "BL110", "name": "BÜYÜKÇEKMECE- TÜRKOBA- TEPEKENT", "geometry": {"type": "MultiLineString", "coordinates": [[[28.6242857205, 41.023251740599996], [28.6240403556, 41.0233829851], [28.622644939499995, 41.024280365799996], [28.6216038468, 41.024843470099995], [28.6204962999, 41.025300238], [28.619890707, 41.0254954579], [28.619372073499996, 41.0256411001], [28.6184610163, 41.0258326523], [28.617148970399995, 41.026083264], [28.616439616799997, 41.0261853287], [28.616136500300005, 41.02620810389998], [28.6154415888, 41.026200118800006], [28.615214680799998, 41.026184781], [28.614388903899997, 41.026058559899994], [28.613735808299996, 41.0259230452], [28.6133066888, 41.02585854809999], [28.6130437461, 41.0258463057], [28.6126932118, 41.02587040809998], [28.6124776996, 41.02590858639999], [28.612340464499997, 41.02595210809999], [28.6118767288, 41.02614638259999], [28.6105308463, 41.0268315772], [28.610123651699997, 41.02698078129999], [28.6098673918, 41.027019655299995], [28.6096908111, 41.027017842], [28.6094699142, 41.026990362899994], [28.609448618159554, 41.026984313535806]], [[28.609621151447676, 41.0252951146802], [28.609886994099995, 41.02529056049999], [28.610581651, 41.02520405509999], [28.6122352971, 41.02492934479999], [28.613865088799997, 41.02462503109999], [28.6169134751, 41.0239507965], [28.6176750096, 41.023808009899994], [28.6184365731, 41.02361749079999], [28.619181661699997, 41.02347963039999], [28.620044389499995, 41.023282730199995], [28.620958787299998, 41.02315554939999], [28.621919733, 41.022895387899986], [28.623187151, 41.0224768518], [28.626155980399997, 41.02141446649999], [28.626742688799997, 41.02142577789999], [28.627590948300004, 41.021586781399996], [28.6279606144, 41.0213116033], [28.628478155699998, 41.020974244899996], [28.628811950486643, 41.02070700957242]], [[28.628811950486643, 41.02070700957242], [28.62947857, 41.020173312299995], [28.6294549209, 41.020020721599984], [28.629391430699997, 41.0199199555], [28.6292685124, 41.019864946199995], [28.6290809775, 41.01983323009999], [28.628872295199997, 41.019884338], [28.628791037199996, 41.019996546399994], [28.6287175015, 41.0201517014], [28.628711120299997, 41.020353343899984], [28.628799012499996, 41.020639200199994], [28.628811950486643, 41.02070700957242]], [[28.628811950486643, 41.02070700957242], [28.6289150654504, 41.02124744363582]], [[28.6289150654504, 41.02124744363582], [28.629022498799998, 41.021810506], [28.629175120599996, 41.0219282331], [28.6293543187, 41.022022049399986], [28.6295187433, 41.02200682750001], [28.6296703367, 41.02197149759999], [28.6298623188, 41.021815466], [28.629910682699997, 41.02172533939999], [28.629967291199996, 41.02148970069999], [28.629958539899995, 41.0213204727], [28.6298800725, 41.02113274229999], [28.629760716499998, 41.021000849], [28.629620615399997, 41.020918244], [28.629527531699996, 41.0209011861], [28.629431812599996, 41.02090354949999], [28.629340478, 41.0209251305], [28.629260038399998, 41.02096436229999], [28.6289832925, 41.0211959558], [28.6289150654504, 41.02124744363582]], [[28.6289150654504, 41.02124744363582], [28.628602001199997, 41.02148369839999], [28.627985067099996, 41.02187267669999], [28.6276973612, 41.022025727499994], [28.627327579199996, 41.02216105309999], [28.6265670754, 41.02235209319999], [28.6260724798, 41.022548861299995], [28.6256790787, 41.022651174], [28.625208482899996, 41.02281088769999], [28.624648634599996, 41.023057615499994], [28.6242857205, 41.023251740599996]]]}}, {"id": "BL105", "name": "BÜYÜKÇEKMECE - MİMARSİNAN", "geometry": {"type": "LineString", "coordinates": [[28.6204962999, 41.025300238], [28.620088019, 41.02544650839999], [28.619637792, 41.025687485499994], [28.617672306399996, 41.02619956729999], [28.6167907898, 41.026348078199995], [28.615360658399997, 41.0263613377], [28.614058417, 41.0261926889], [28.613542243299996, 41.0261662546], [28.613018675899998, 41.026070857399986], [28.6126867111, 41.0260844882], [28.612067922399998, 41.026339097899985], [28.6114075242, 41.02657218329999], [28.6106375733, 41.02702165109999], [28.610272423700003, 41.02719893609999], [28.6098781572, 41.027247784699995], [28.609527334199996, 41.0271698093], [28.609470777621624, 41.02715404497937]]}}, {"id": "BL105", "name": "BÜYÜKÇEKMECE - MİMARSİNAN", "geometry": {"type": "LineString", "coordinates": [[28.6204962999, 41.025300238], [28.6201568641, 41.02540965989999], [28.619637792, 41.025687485499994], [28.6179780998, 41.0261589432], [28.617298751499998, 41.026278304599984], [28.616685088199997, 41.02635912539999], [28.616374603599997, 41.0263723763], [28.615360658399997, 41.0263613377], [28.6141136446, 41.0261758849], [28.613542243299996, 41.0261662546], [28.6130821384, 41.02604720539998], [28.6129002835, 41.02607032019999], [28.6126360753, 41.02613916989999], [28.612016939700002, 41.0264059633], [28.6116954941, 41.0264705458], [28.611342001800004, 41.026640174399994], [28.6105477878, 41.0270775526], [28.610153606199997, 41.0272136576], [28.6098906594, 41.02724129130001], [28.6096502201, 41.0272265446], [28.60947121746791, 41.02715741399825]]}}, {"id": "A43", "name": "AVCILAR - ESENYURT", "geometry": {"type": "LineString", "coordinates": [[28.731180737949348, 40.98073219727008], [28.730457812300003, 40.9811293847], [28.729185852299995, 40.9818660566], [28.7284260444, 40.982327083799994], [28.727063844199996, 40.98325735009999], [28.726219000599997, 40.983762523399996], [28.7258987729, 40.983912014], [28.725258499500004, 40.98424352789999], [28.724172687, 40.9849010991], [28.724006480500005, 40.98505864249999], [28.72390888389999, 40.985179778799996], [28.723765908699995, 40.98612292239999], [28.7236910953, 40.98624923349999], [28.723597654, 40.986318000499985], [28.723481383400003, 40.98637654309999], [28.7230635319, 40.986524779599996], [28.7229309233, 40.98665060119998], [28.722719714900002, 40.98722166799999], [28.722629183699993, 40.98736068759999], [28.721067130899993, 40.98894589839999], [28.7194924682, 40.990360846399994], [28.717478462099994, 40.992796681], [28.7168435979, 40.993605689799985], [28.7164503254, 40.99404453439999], [28.716370368299998, 40.99411917860001], [28.71628443619999, 40.9941725401], [28.716052516400005, 40.9944572749], [28.71595454479999, 40.99449906659999], [28.7157863613, 40.994492471899996], [28.7140356665, 40.9926935095], [28.712857833799994, 40.99339170939999], [28.712325492599998, 40.9936863574], [28.71183936, 40.99401063389999], [28.711514330799996, 40.99420509589999], [28.709610362300005, 40.9953048354], [28.7098135987, 40.9957485447], [28.7075070039, 40.99702330889998], [28.709302795499998, 40.998753475], [28.709670632300003, 40.99914582449999], [28.7107577877, 41.000229489499986], [28.711631112200003, 41.001021911799995], [28.711712511799995, 41.00123428349999], [28.711674445199996, 41.001315811699996], [28.710837931199997, 41.002089778199995], [28.709622290700004, 41.0030841618], [28.708818909100003, 41.003772348199995], [28.707361006300005, 41.004949218], [28.706889469400004, 41.005373937], [28.7044143168, 41.00744531429999], [28.7036085164, 41.00814913789999], [28.702528247100002, 41.009009142199986], [28.7015561974, 41.0098164575], [28.700621688899997, 41.01047775989999], [28.700038579, 41.010861895699996], [28.699249604400002, 41.011284818899995], [28.6984200507, 41.011758465799986], [28.6972164035, 41.0123047878], [28.696380024300005, 41.012719622199995], [28.6941459596, 41.0137714084], [28.693200740499996, 41.014306748299994], [28.692806306, 41.014567206399995], [28.692529409599988, 41.014787146399996], [28.690889739599996, 41.0163177832], [28.6906808298, 41.016532910999985], [28.69041374, 41.0167146765], [28.690115461099992, 41.01704921180001], [28.689942841499995, 41.0172990129], [28.689104202100005, 41.018719371899984], [28.6875740326, 41.0212093066], [28.685430692, 41.02477348239999], [28.684741187600004, 41.026099749699995], [28.683865623699997, 41.027964589799986], [28.683590812899993, 41.02847145119999], [28.6834884482, 41.02870523439999], [28.6830992996, 41.0293967307], [28.6821015524, 41.03126279619998], [28.681797379099997, 41.0317779945], [28.680927215399997, 41.0331653017], [28.68040188919999, 41.034060435200004], [28.680297303300005, 41.03427127849999], [28.6802054764, 41.03434340529999], [28.680038290699997, 41.03437293769999], [28.679972716599995, 41.03436378829999], [28.6796006299, 41.034242330699996], [28.6775675001, 41.03383152789999], [28.6774752463, 41.03384181], [28.6773989746, 41.03383271559999], [28.6773952809, 41.0337967922], [28.677339560599997, 41.0338066615], [28.6773205446, 41.03379000419999], [28.677237087, 41.033578838499984], [28.677121833900003, 41.033428266399994], [28.677005225, 41.0333459039], [28.674673669500002, 41.0319460115], [28.673965479899998, 41.0315640136], [28.6732631087, 41.031238967099995], [28.6716591737, 41.03062775259999], [28.670696821499998, 41.0303181612], [28.670085804599996, 41.03015402499999], [28.6685510511, 41.02979366769999], [28.6679250323, 41.02954195419999], [28.667027156799996, 41.02880866129999], [28.666917363600003, 41.02875808939999], [28.6667838064, 41.028755498], [28.666666920099996, 41.028804497399996], [28.6663584046, 41.0291435706], [28.6661560616, 41.0294427819], [28.665729924799997, 41.0298595518], [28.6653069904, 41.030202272], [28.6651585339, 41.030248059799995], [28.664879335800002, 41.030286278199995], [28.6635548884, 41.030425939299995], [28.6628938446, 41.030457660099984], [28.6619475209, 41.030534585299996], [28.661401093799995, 41.0306254401], [28.660733148199995, 41.030764813199994], [28.6606274212, 41.03079870269998], [28.660557666399995, 41.0307943182], [28.660477677099998, 41.0307826679], [28.660371779799995, 41.03072464989999], [28.6603076539, 41.03063306149999], [28.660135296900002, 41.0304793758], [28.659888332799998, 41.0304027359], [28.659367211499998, 41.03031180949999], [28.6589096326, 41.030194701199996], [28.658484152100005, 41.03005290779999], [28.658048981599997, 41.02985869969999], [28.657625644, 41.02977597779999], [28.6567752841, 41.029494562299995], [28.655886393399992, 41.029226419], [28.65518498, 41.028951305], [28.6544008514, 41.0286828492], [28.6541051085, 41.028566522], [28.653904097599998, 41.0284424422], [28.6538182709, 41.02835011139999], [28.6536963467, 41.028103406099994], [28.653606074899997, 41.02800308679999], [28.653388546300004, 41.027917522399996], [28.6528547676, 41.027749391], [28.652668306699994, 41.027731279], [28.651863491100002, 41.02781390069999], [28.65111791349999, 41.0277083264], [28.6509862956, 41.027710938499986], [28.650695160799994, 41.02774074129999], [28.650058666499998, 41.02790255589999], [28.6494829458, 41.027933927899994], [28.6481292197, 41.02840342519999], [28.648040476, 41.02846936569999], [28.6479060714, 41.028738865899996], [28.647079748799996, 41.029198338], [28.646826793599995, 41.0294234471], [28.646479981400002, 41.0295874292], [28.6461092142, 41.0296310934], [28.6459230891, 41.029688927], [28.6457824639, 41.029756047], [28.6457599273, 41.0298122388], [28.6457725035, 41.0298433575], [28.6460317112, 41.03015174419998], [28.646174343, 41.03040714309999], [28.646537839299995, 41.03132267129999], [28.646676815, 41.03156758259999], [28.646805874499996, 41.0317534554], [28.647908006100003, 41.03302762159999], [28.647878737699997, 41.033354641399995], [28.647676421299998, 41.0338619699], [28.6477234155, 41.033992639699996], [28.6477815943, 41.03404001749999], [28.647915539, 41.0340749417], [28.6480648643, 41.0340347646], [28.6482215517, 41.03394226089999], [28.6483331504, 41.0339006864], [28.648410153, 41.0338892016], [28.648459027499992, 41.033899304], [28.648482378899995, 41.033913872099994], [28.648487079300004, 41.033953237], [28.648463739, 41.0339791692], [28.6480965106, 41.0340898609], [28.647899394300005, 41.03418999029999], [28.647507623, 41.03442363029999], [28.6468639362, 41.03484890519999], [28.6464824963, 41.035164424099996], [28.646071399699995, 41.03546162], [28.645936520099998, 41.03550291779999], [28.645799718199996, 41.03552166969999], [28.6454305119, 41.0356755904], [28.6452997653, 41.03574552439999], [28.643520180399996, 41.036877562799994], [28.642600020699998, 41.03743659029998], [28.642473021, 41.037492272], [28.641768336299997, 41.03773173459999], [28.6413484776, 41.03782970329999], [28.640782306, 41.0379430978], [28.6395265204, 41.0381286358], [28.6393438024, 41.038139581399996], [28.6392669052, 41.03813033539999], [28.639202145699997, 41.0380664376], [28.639184001799997, 41.0378780162], [28.639146202, 41.03780371629999], [28.6390617579, 41.0377026596], [28.638928433299995, 41.037606980899994], [28.638755518599996, 41.037523938199996], [28.638598899, 41.037489925799996], [28.6383883365, 41.03747790879999], [28.6378357866, 41.0374952018], [28.6375404903, 41.037548887499995], [28.6372761828, 41.037625572], [28.636469078, 41.037932879299994], [28.635211024299995, 41.038440916899994], [28.634317788199997, 41.0387281306], [28.6340459783, 41.0387868498], [28.633685155199995, 41.038813542899995], [28.633498306899998, 41.03879584189999], [28.6312634666, 41.038216707499984], [28.6311172122, 41.0381564032], [28.630958850499997, 41.038064724599984], [28.630790473799998, 41.03795049549999], [28.630514905699997, 41.037686551399986], [28.6301755214, 41.037483827699994], [28.6293423491, 41.037280969899996], [28.6280170262, 41.03709286269999], [28.627632441500005, 41.037073263199986], [28.625578739799998, 41.037151609], [28.6254498442, 41.03717675369999]]}}, {"id": "A43", "name": "AVCILAR - ESENYURT", "geometry": {"type": "MultiLineString", "coordinates": [[[28.6941651008, 41.001433722499996], [28.6946435662, 41.0030602771], [28.693602541599994, 41.0032677509], [28.692502463799997, 41.003439408799984], [28.69182302059999, 41.003674515899995], [28.690712867200002, 41.0043038046], [28.690361379899997, 41.00469052019999], [28.689890531499994, 41.00630935459999], [28.6881928328, 41.00581353649999], [28.685877311899997, 41.00510533549999], [28.6847663952, 41.0047962753], [28.684008660599996, 41.00511115169999], [28.683108661300004, 41.005639697499994], [28.682875015599993, 41.006055697399994], [28.6823691102, 41.00589725319999], [28.682115501, 41.0059552063], [28.681841959099998, 41.009353269599984], [28.681344539799994, 41.01113775159999], [28.6813403287, 41.0116127549], [28.682209703, 41.014507056199996], [28.6827488897, 41.01606566389999], [28.682795175099997, 41.0174845841], [28.682937496099996, 41.018378577399986], [28.6837511003, 41.019617406], [28.684125533399996, 41.0198960727], [28.683981909499998, 41.02003166139999], [28.683803425900003, 41.01989621039999], [28.6828594091, 41.018573273], [28.682750031199994, 41.0180679601], [28.6825898279, 41.01612612649999], [28.682189383100003, 41.0146976245], [28.6804832804, 41.01595288339999], [28.67806259399999, 41.017979122899995], [28.676185725899998, 41.01969728609999], [28.6701894113, 41.02466896459999], [28.668113723800005, 41.0264641457], [28.667503231900003, 41.027426658], [28.667030247099994, 41.02828902489999], [28.667056248899996, 41.02865816579999], [28.668171850299995, 41.029546271099996], [28.669480910899992, 41.0298936873], [28.670298255599995, 41.03008776429999], [28.671424657899998, 41.0304082403], [28.673332677399998, 41.0311396849], [28.673639765100003, 41.031271146799995], [28.67457365949999, 41.0317404315], [28.677063698, 41.03323796689999], [28.677207953699998, 41.03334622959999], [28.677458924699998, 41.0336027373], [28.677548513899996, 41.03365379579999], [28.678071542600005, 41.033798842299994], [28.679830474899997, 41.034157605699995], [28.680205480099996, 41.0341827254], [28.680275216900004, 41.03422838409998], [28.6802813715, 41.03426995609999], [28.6801245411, 41.034584563799996], [28.680133635899995, 41.0346103255], [28.680165016399997, 41.0346224571], [28.680409547300002, 41.03465845349999], [28.680849310900005, 41.03468896059999], [28.681185755499996, 41.03464473969999], [28.681256546600004, 41.034676596499985], [28.6814822695, 41.035483786299984], [28.6817020353, 41.03585531089999], [28.682325304800003, 41.0365727123], [28.6825912367, 41.03693166909999], [28.683120702900002, 41.03751901519999], [28.683842535199993, 41.03792749160001], [28.684561900799995, 41.038459821099984], [28.685322821599993, 41.03880202919999], [28.6870869459, 41.0395144506], [28.687846686899995, 41.03991762509999], [28.688220671599993, 41.040139069899986], [28.6884092946, 41.04020245129999], [28.688623584399995, 41.04018189419999], [28.689666757599994, 41.03984533549998], [28.6902054244, 41.0396874229], [28.6905033724, 41.039682574699995], [28.6918524459, 41.039879680599995], [28.6935694723, 41.040273507799995], [28.6942101826, 41.04033318], [28.6944118963, 41.040316403599995], [28.695039662599992, 41.04007574640001], [28.695461042599998, 41.03970557539999], [28.6946205862, 41.0389315484], [28.6934659992, 41.03804506389999], [28.693056788899998, 41.0377658011], [28.692698440800005, 41.0374330866], [28.692450086099996, 41.037119624], [28.6920356397, 41.036786270899995], [28.691841610100003, 41.036676019299996], [28.691610620199995, 41.03659321939999], [28.6912639223, 41.036498382699996], [28.6910142087, 41.036441526299996], [28.690725625, 41.03644209989999], [28.6906649714, 41.03642174359999], [28.690571746799993, 41.03635996509999], [28.6905454284, 41.03631914689999], [28.690509747, 41.03607562849999], [28.690567889500002, 41.035860621199994], [28.690641321, 41.035680942], [28.690991552799993, 41.034979419799996], [28.6910414049, 41.034774709], [28.69108048189999, 41.0344658549], [28.691061597099996, 41.03374981489999], [28.6910920771, 41.032867749599994], [28.691086666300002, 41.0317482313], [28.6918674955, 41.031639169799995], [28.6933995102, 41.0315613016], [28.69443433349999, 41.03167657179999], [28.694965598500005, 41.03170059619999], [28.695170282, 41.0316849037], [28.6959945104, 41.03153215309999], [28.696323849700004, 41.031432330399994], [28.6959204531, 41.031205632799995], [28.695627514499993, 41.03106413810001], [28.694897324899998, 41.0307604662], [28.6941289319, 41.03048017489999], [28.693810833499995, 41.0303383958], [28.693512650400002, 41.030144429699995], [28.6929803144, 41.02970004059999], [28.6926102326, 41.02932419529999], [28.692291319100004, 41.028755118199996], [28.692177362199995, 41.028472708299994], [28.6920832218, 41.02814287449999], [28.6920198743, 41.02784673999999], [28.6919822493, 41.027522314399995], [28.6910911846, 41.0271989927], [28.690145581399992, 41.0269738427], [28.6896877041, 41.026901933799984], [28.6893791462, 41.02691510449999], [28.6879864692, 41.027025527599996], [28.688374332599995, 41.025552878], [28.6885356965, 41.0250305924], [28.688722765, 41.0245585493], [28.6892598937, 41.02303729729999], [28.6892707504, 41.022968200499996], [28.689044325500003, 41.02283792909999], [28.688906056600004, 41.02270389529999], [28.6888335816, 41.02255155139999], [28.688685937399995, 41.0223192568], [28.688298396, 41.0219384292], [28.687722057600002, 41.0214973209], [28.687516685, 41.021384439399995], [28.6874523302, 41.02133034089999], [28.687409700800004, 41.021259337500005], [28.687420581599998, 41.0211666544], [28.688245521, 41.0197905247], [28.68866787769999, 41.019113372899994], [28.689721246699992, 41.017347498499994], [28.6900003858, 41.016951622], [28.690479791599998, 41.0164362701], [28.692393990700005, 41.0146213386], [28.692776489900005, 41.014353584599995], [28.6931822524, 41.01411399109999], [28.6938513735, 41.013807701499985], [28.694782155099997, 41.01333104369999], [28.697925410099998, 41.01183591419999], [28.698939557100005, 41.0113381542], [28.699677922200003, 41.0109145803], [28.700684470299997, 41.01028115119998], [28.7016494943, 41.009536211699995], [28.7032514808, 41.008238761399994], [28.7047568502, 41.00696389109999], [28.705243955899995, 41.0065776772], [28.708421544600004, 41.00382154799998], [28.7098159606, 41.002701737], [28.711668737, 41.001094022100006], [28.7072084576, 40.9966815477], [28.718359712299993, 40.9901338659], [28.718730419399993, 40.99005244079999], [28.719209548099997, 40.99046525159999], [28.721038247, 40.98882466679999], [28.722392505, 40.98745358339999], [28.7225993336, 40.98720142569999], [28.722650024800004, 40.9871162212], [28.7227144958, 40.986903472499996], [28.7227009931, 40.9866908123], [28.722653596599994, 40.9865395706], [28.722170528612203, 40.98551690780985]], [[28.722170528612203, 40.98551690780985], [28.722086362, 40.9853387241], [28.72192899, 40.985140036299995], [28.721830893200003, 40.98509545129998], [28.721649746400004, 40.9850779685], [28.7215437504, 40.985101172099995], [28.721453133299995, 40.985147231799985], [28.7213614622, 40.98523922789999], [28.72131600369999, 40.985357904199994], [28.7213222176, 40.985452295399995], [28.721384224800005, 40.98556810739999], [28.7215001138, 40.9856590761], [28.721627739300004, 40.985701959299995], [28.72168479, 40.98570394269999], [28.7219318188, 40.98566071849999], [28.722170528612203, 40.98551690780985]], [[28.722170528612203, 40.98551690780985], [28.723147604700003, 40.98492826519999], [28.72451180339999, 40.98416452759999], [28.724927404399995, 40.983986162], [28.7260403594, 40.983339267299996], [28.727035646300003, 40.9826426495], [28.7277193759, 40.9823601197], [28.728426327299996, 40.981944068], [28.728641321699993, 40.98166817449999], [28.728979832799997, 40.9816183066], [28.730843286100836, 40.980523126900664]]]}}, {"id": "A43", "name": "AVCILAR - ESENYURT", "geometry": {"type": "LineString", "coordinates": [[28.731159626767234, 40.980719117726714], [28.7299781354, 40.9813976861], [28.7284264104, 40.98230802829998], [28.7270642107, 40.9832382946], [28.7258987729, 40.983912014], [28.725258866499995, 40.984224472399994], [28.7242930707, 40.9847997019], [28.7241002276, 40.98494708], [28.723961188299995, 40.98511421469998], [28.723910482, 40.9852003733], [28.723841664599995, 40.985508370299996], [28.723766276099997, 40.986103867], [28.723691462699993, 40.986230178099994], [28.7235980215, 40.986298945], [28.723481750899996, 40.98635748769999], [28.7230638996, 40.98650572419999], [28.722931291, 40.986631545799995], [28.722797910300002, 40.98705326819999], [28.722629551499995, 40.98734163219999], [28.7210674991, 40.988926843], [28.71949283689999, 40.990341791], [28.717478831500003, 40.9927776257], [28.7168439674, 40.993586634399996], [28.7164503254, 40.99404453439999], [28.716298812400005, 40.9941454054], [28.716046236200004, 40.994441384399984], [28.7159147, 40.9944951759], [28.7158303604, 40.99448940089999], [28.715775721800004, 40.994463179299984], [28.714036036799996, 40.99267445420001], [28.712325492599998, 40.9936863574], [28.7113150938, 40.994309869599995], [28.7072084576, 40.9966815477], [28.710758159, 41.00021043419999], [28.711666997299996, 41.001092299], [28.7116898635, 41.001157543199994], [28.711684809400005, 41.0012372658], [28.7110052616, 41.00189793009999], [28.710379665499993, 41.002451985899995], [28.708664650399996, 41.003878896699995], [28.707774887200003, 41.0045919806], [28.7044143168, 41.00744531429999], [28.702329324599994, 41.00917288689999], [28.7011274541, 41.010121385799984], [28.700417292800005, 41.010604601199994], [28.699249604400002, 41.011284818899995], [28.698272198900003, 41.011808514799995], [28.6941434708, 41.01375381009999], [28.693646815100003, 41.01397322019999], [28.693284673299996, 41.014152504], [28.692855702, 41.01439404159999], [28.692577422800003, 41.01459672379999], [28.692218803899998, 41.014907338299984], [28.690870492, 41.016225117699996], [28.6901158387, 41.01703015679999], [28.6899432191, 41.017279957899994], [28.6890315837, 41.018810530799996], [28.689027232399997, 41.01885537569999], [28.689071084, 41.018886463899996], [28.6892611327, 41.01895937479999], [28.6895459875, 41.019055138599995], [28.690025416099992, 41.0181842994], [28.690226836900003, 41.0182997914], [28.693853648400005, 41.01890126089999], [28.694005643100002, 41.0190396036], [28.6943976822, 41.0191104], [28.6946979634, 41.01909460249999], [28.694769977700002, 41.01929860509999], [28.694801665300005, 41.019833335399994], [28.694806868700002, 41.02088728529999], [28.694693048399998, 41.0218722992], [28.694698183, 41.02256800579998], [28.6945131484, 41.02409026449999], [28.691240563299996, 41.0235296337], [28.690903059299995, 41.023508261799996], [28.690764432, 41.02351907589999], [28.6906064696, 41.02348964529999], [28.690459929599996, 41.02339173179999], [28.690318277899994, 41.02323764919999], [28.690275345499995, 41.023217541899996], [28.689278807900003, 41.02294763089999], [28.688722765, 41.0245585493], [28.6885356965, 41.0250305924], [28.688374332599995, 41.025552878], [28.6880408017, 41.02689880429999], [28.6880626888, 41.026984819099994], [28.688136693200004, 41.027012095299995], [28.6896877041, 41.026901933799984], [28.6901959028, 41.0269572678], [28.6910911846, 41.0271989927], [28.6919822493, 41.027522314399995], [28.692177362199995, 41.028472708299994], [28.692291319100004, 41.028755118199996], [28.6926102326, 41.02932419529999], [28.6929803144, 41.02970004059999], [28.693512650400002, 41.030144429699995], [28.693810833499995, 41.0303383958], [28.6941289319, 41.03048017489999], [28.694535001900004, 41.0306277148], [28.695627514499993, 41.03106413810001], [28.6959204531, 41.031205632799995], [28.696323849700004, 41.031432330399994], [28.6959945104, 41.03153215309999], [28.695605067800003, 41.0316091297], [28.695170282, 41.0316849037], [28.694965598500005, 41.03170059619999], [28.69443433349999, 41.03167657179999], [28.6933995102, 41.0315613016], [28.692600255099993, 41.03159726329999], [28.691090715499993, 41.031773726], [28.6910920771, 41.032867749599994], [28.691060289200003, 41.03396590029999], [28.69108048189999, 41.0344658549], [28.691050586100005, 41.0347324014], [28.691004066, 41.034946718], [28.690641321, 41.035680942], [28.690509747, 41.03607562849999], [28.6905454284, 41.03631914689999], [28.69062295859999, 41.0364010661], [28.690707236300003, 41.036442542799996], [28.6911455705, 41.03646633759999], [28.691610620199995, 41.03659321939999], [28.691841610100003, 41.036676019299996], [28.6920356397, 41.036786270899995], [28.692450086099996, 41.037119624], [28.692698440800005, 41.0374330866], [28.693056788899998, 41.0377658011], [28.6934659992, 41.03804506389999], [28.6946205862, 41.0389315484], [28.695461042599998, 41.03970557539999], [28.695114996500003, 41.04006754489998], [28.695039662599992, 41.04007574640001], [28.6944118963, 41.040316403599995], [28.6942101826, 41.04033318], [28.6935694723, 41.040273507799995], [28.6924324842, 41.039997210599985], [28.6918524459, 41.039879680599995], [28.6905033724, 41.039682574699995], [28.6902027302, 41.039706406499995], [28.689723791699997, 41.03982611709999], [28.6885687412, 41.0402001105], [28.6884159343, 41.04021394419999], [28.688267459, 41.0401743931], [28.687054690100002, 41.039538040699995], [28.6860969003, 41.03911579559999], [28.685322821599993, 41.03880202919999], [28.684561900799995, 41.038459821099984], [28.683842535199993, 41.03792749160001], [28.683120702900002, 41.03751901519999], [28.6825912367, 41.03693166909999], [28.682325304800003, 41.0365727123], [28.6817020353, 41.03585531089999], [28.6814822695, 41.035483786299984], [28.681251463, 41.0346471079], [28.68129272339999, 41.034566103299994], [28.6814748095, 41.034333760399996], [28.681491334, 41.0342624783], [28.681435537, 41.034126044099985], [28.681377714100005, 41.03409107619999], [28.681304450399995, 41.0340730848], [28.680474408799995, 41.03423368519999], [28.680211846299997, 41.0343364558], [28.6800714695, 41.0343705841], [28.6800173469, 41.03436464349999], [28.6796010107, 41.03422327569999], [28.6775678815, 41.033812473], [28.677395083800004, 41.0337976678], [28.677342202, 41.0337360724], [28.677278634700002, 41.03359126579999], [28.677122215399997, 41.03340921149999], [28.6770056066, 41.033326849], [28.6746740517, 41.031926956599996], [28.6734923603, 41.03132062659999], [28.673263491300002, 41.031219912199994], [28.6716595568, 41.03060869779999], [28.6706972048, 41.0302991063], [28.670086188099997, 41.0301349701], [28.6685514351, 41.02977461279999], [28.6679250323, 41.02954195419999], [28.667027541200003, 41.02878960639998], [28.6669631609, 41.02875777449999], [28.666826486100003, 41.028749046799994], [28.666699811100003, 41.028774799299995], [28.666623373399997, 41.0288210863], [28.6663584046, 41.0291435706], [28.6661564462, 41.029423727], [28.665730309499995, 41.0298404969], [28.6653073753, 41.03018321719999], [28.664948858400003, 41.03025117389999], [28.663621139699995, 41.030360137399995], [28.663413469900004, 41.030340787499995], [28.6649027672, 41.02906518759999], [28.665264180099996, 41.0286567761], [28.6653193811, 41.0281666461], [28.665525834400004, 41.0280540294], [28.6658625613, 41.0281455359], [28.6659512271, 41.02814799229999], [28.666119369600004, 41.028094965899996], [28.666472581700003, 41.0280534418], [28.666836018600005, 41.027899001], [28.667261058899992, 41.027522645], [28.667686071099997, 41.02701827179999], [28.668113723800005, 41.0264641457], [28.6697722202, 41.0249564152], [28.6700053551, 41.024830572099994], [28.669854445, 41.024655674], [28.6697149793, 41.023930511799996], [28.669538561099994, 41.021938866199996], [28.669574367499994, 41.0215703309], [28.669798079, 41.0209091084], [28.6699578286, 41.02068668479999], [28.670195341300005, 41.02045118559999], [28.6706850385, 41.0202371744], [28.671059604499995, 41.0200204145], [28.671173638100004, 41.01993530829999], [28.6718289993, 41.01938576739999], [28.672101811800005, 41.019186682699996], [28.6722009526, 41.018902616599995], [28.672308731299996, 41.018979135799995], [28.675363829200002, 41.020320516], [28.6768262222, 41.0190822596], [28.678803232699995, 41.01736207409999], [28.6794685478, 41.01672289469999], [28.6804139038, 41.015772896799994], [28.6807183293, 41.0154285776], [28.681334747900003, 41.01497538240001], [28.682209703, 41.014507056199996], [28.681639457, 41.0126365189], [28.681120927500004, 41.011444927499994], [28.6811387001, 41.0112244648], [28.681495393400002, 41.0099515712], [28.681636385699992, 41.0097944728], [28.681932097599994, 41.00742269009999], [28.684063513400005, 41.007947953199995], [28.688303596, 41.008936626499995], [28.688656349, 41.009125619399995], [28.690361379899997, 41.00469052019999], [28.690672224100002, 41.00439910539998], [28.690712867200002, 41.0043038046], [28.691391908900002, 41.00387972629999], [28.69182302059999, 41.003674515899995], [28.692502463799997, 41.003439408799984], [28.693602541599994, 41.0032677509], [28.6946435662, 41.0030602771], [28.6941651008, 41.001433722499996]]}}, {"id": "A43", "name": "AVCILAR - ESENYURT", "geometry": {"type": "MultiLineString", "coordinates": [[[28.73116460856263, 40.98072220422435], [28.730458177800003, 40.98111032919999], [28.72886622, 40.982047251], [28.7284361147, 40.9823174819], [28.7270642107, 40.9832382946], [28.7262193673, 40.983743468], [28.725258866499995, 40.984224472399994], [28.7242930707, 40.9847997019], [28.7241624664, 40.98493577059999], [28.724117573800005, 40.98501389329999], [28.724049649599998, 40.9852104041], [28.723919743699998, 40.9862759499], [28.723843149800004, 40.986484870599995], [28.7236965694, 40.98669913569999], [28.7235597363, 40.98682593409999], [28.7233924574, 40.98703843609999], [28.723277254, 40.9872734943], [28.723187774199992, 40.987577408], [28.722914923800005, 40.988067244899995], [28.722671061899995, 40.9884365263], [28.7222789665, 40.988848382499995], [28.722153818599995, 40.988947519499995], [28.722068608, 40.989053464399994], [28.7219805683, 40.98911648839999], [28.721851450100004, 40.98917066469999], [28.721670839, 40.989197713299994], [28.721524209700004, 40.989184819], [28.721387818099995, 40.989142139199984], [28.721271951299993, 40.98907290259999], [28.721185377699996, 40.988982348], [28.7211346631, 40.98887734049999], [28.721123695300005, 40.98876521919999], [28.721154513500004, 40.9886534032], [28.721204039700005, 40.98857625059999], [28.721580096, 40.98814266019999], [28.721920181499996, 40.98780460459999], [28.721991489699995, 40.987713748199994], [28.722083692, 40.987530372399995], [28.722102653600004, 40.9874276622], [28.722075816400004, 40.987254403], [28.722035979899992, 40.98716819409999], [28.721882835299997, 40.9869906755], [28.721629677899994, 40.9868149055], [28.7214952388, 40.98674337139999], [28.7213586097, 40.98668753719999], [28.7212459471, 40.98666055739999], [28.72111398279999, 40.986656234399995], [28.720964353500005, 40.98668745079999], [28.720544012399998, 40.98682036839998], [28.719671267, 40.98728721749999], [28.7180980759, 40.9882563153], [28.717603512, 40.98861904619999], [28.715152728200003, 40.99004720949999], [28.714716551, 40.9903235662], [28.713109632799995, 40.991285865399995], [28.712047129699997, 40.9918614201], [28.710802115300005, 40.9926209178], [28.708387295599994, 40.994010862899984], [28.707460745899997, 40.99457353259999], [28.706286453, 40.9952505101], [28.7055329275, 40.9956497508], [28.7047599321, 40.996093481399996], [28.702898443399995, 40.99723373839999], [28.702377987599995, 40.997586795499984], [28.7012658694, 40.998223617099995], [28.700515560899994, 40.998686328599995], [28.699771509400005, 40.999180392099994], [28.699229032700003, 40.9994594068], [28.698895707700004, 40.999605166399995], [28.698639086, 40.9997013688], [28.6978140491, 40.9998780846], [28.697367239300004, 40.999959968599995], [28.696847243400004, 41.000028854899995], [28.6961099698, 41.000060508199994], [28.695662775600002, 41.000045019399984], [28.694363701500002, 40.99993817299998], [28.693696151299996, 40.999925399], [28.6929868166, 40.999968088399996], [28.692140919499998, 41.0000790414], [28.691531088299993, 41.00020858169999], [28.691237952599995, 41.0002939224], [28.690611363199995, 41.0005302153], [28.690226750199997, 41.0007153551], [28.690013087599997, 41.000843321699996], [28.6892681161, 41.00136591119999], [28.687640067199997, 41.002699237899996], [28.6864357383, 41.00371303279999], [28.685669252299995, 41.0042884661], [28.685041639100003, 41.004685381099996], [28.6845315323, 41.004954726699985], [28.684177974100002, 41.0051007805], [28.6831138278, 41.00544409329999], [28.6821985384, 41.00570405909999], [28.6817223153, 41.005809464699986], [28.6808143784, 41.005952482], [28.6800280282, 41.0060182575], [28.679055844500002, 41.006066745399984], [28.678041386599997, 41.00610110409999], [28.6768953819, 41.006123237599994], [28.675834621799993, 41.00612558259999], [28.6724620914, 41.00620262679999], [28.671201836299996, 41.0062063426], [28.6698623999, 41.0062856761], [28.6677517231, 41.006326434799995], [28.666910730799998, 41.0064098028], [28.665527881199996, 41.00670168359999], [28.664773852300005, 41.0068978355], [28.663678606, 41.007228428599994], [28.6633135881, 41.007355678], [28.662247279399995, 41.007764054199995], [28.660775289, 41.008371120799985], [28.658732447, 41.00918686619999], [28.6584017382, 41.009294535799995], [28.657360610600005, 41.009703159500006], [28.6557512059, 41.0102911714], [28.655073985599998, 41.01052320349999], [28.653851722300004, 41.011002253899996], [28.653493346799998, 41.0111619414], [28.6523071, 41.011593162], [28.649735106699996, 41.01258544139999], [28.6471302788, 41.013569582399995], [28.6468230319, 41.013678778899994], [28.6462172041, 41.0138636977], [28.644341326168817, 41.01458028151489]], [[28.644341326168817, 41.01458028151489], [28.644215249484766, 41.014628442424154]], [[28.644215249484766, 41.014628442424154], [28.643183952, 41.01502239359999], [28.64313054, 41.0150655416], [28.6431030991, 41.015115248], [28.643107248299998, 41.015188912899994], [28.643141938599996, 41.015245783499985], [28.6433288475, 41.015392759799994], [28.6434553309, 41.0154585535], [28.6436332931, 41.01551106659999], [28.6440884917, 41.01556210709999], [28.644270491, 41.015567822], [28.644435079099996, 41.01554831629999], [28.64458815, 41.0154922247], [28.6446191145, 41.0154547089], [28.6446362069, 41.015403450499996], [28.644594909099997, 41.0152085629], [28.6442155848, 41.01462891719999], [28.644215249484766, 41.014628442424154]], [[28.644215249484766, 41.014628442424154], [28.64396712671337, 41.01427712223482]], [[28.64396712671337, 41.01427712223482], [28.643735096, 41.013948585299985], [28.643575283799997, 41.0138496259], [28.643396885799998, 41.013768451499985], [28.6432238448, 41.01375343929999], [28.643082312799997, 41.01378965029999], [28.643026838699996, 41.0138230333], [28.642938695, 41.01392834739998], [28.642907353899997, 41.013997178699995], [28.642900464699995, 41.0140518066], [28.642945627099998, 41.014172633499996], [28.6430535691, 41.01427045079999], [28.6431329527, 41.0143078239], [28.643233115900003, 41.01434301589999], [28.6434728956, 41.014382862199994], [28.643718146299996, 41.014374550099994], [28.64396712671337, 41.01427712223482]], [[28.64396712671337, 41.01427712223482], [28.6441184186851, 41.01421792050427]], [[28.6441184186851, 41.01421792050427], [28.644357666900003, 41.01412430069999], [28.6444645575, 41.014054319], [28.6445481598, 41.0139627647], [28.6445664215, 41.0138627422], [28.6445396477, 41.01376018039999], [28.644449903700004, 41.013652652199994], [28.644315624799997, 41.013582437699995], [28.6442375717, 41.0135637226], [28.644086867299997, 41.01356061779999], [28.6440138473, 41.013583649699996], [28.643904235699996, 41.013665703399994], [28.643864309299996, 41.013724965099996], [28.643841436599995, 41.013830786], [28.6441184186851, 41.01421792050427]], [[28.6441184186851, 41.01421792050427], [28.644118420899996, 41.01421792359999], [28.644341326168817, 41.01458028151489]], [[28.644341326168817, 41.01458028151489], [28.644761373499996, 41.015263110899994], [28.6449618521, 41.015533486299994], [28.6455863049, 41.016107417899995], [28.6459468145, 41.01630201769999], [28.646089826099995, 41.016322208899986], [28.646291528299997, 41.016318184399985], [28.646467457499995, 41.01627482789999], [28.6484731619, 41.0155035784], [28.648602796299997, 41.01547055469999], [28.6487136317, 41.015472449499995], [28.648792572, 41.015457927399986], [28.649891873200005, 41.01504114929999], [28.653850924, 41.0135119966], [28.6565118275, 41.01246452929999], [28.656665491599995, 41.0123344395], [28.656792683700004, 41.01232247149999], [28.656864455099992, 41.0123488053], [28.656914751799995, 41.0123956842], [28.6569341234, 41.012454741199996], [28.6569290838, 41.0125370535], [28.656982722799995, 41.012650685699995], [28.6580322377, 41.0141995237], [28.658155639100002, 41.0143087858], [28.6583985006, 41.01441127609999], [28.658462740700003, 41.014452003699994], [28.658495760199997, 41.01449442180001], [28.6585094715, 41.01453174649999], [28.6584893481, 41.014624425499996], [28.658358089, 41.014754365199984], [28.6583339249, 41.01480590069999], [28.6583548641, 41.014901630199994], [28.6585123241, 41.015133677], [28.6589072658, 41.01549594909999], [28.658969990700005, 41.015578803299995], [28.659009603799998, 41.015645442899995], [28.6590251877, 41.015715138], [28.659014471299997, 41.0157777028], [28.6589122382, 41.015945015399986], [28.658889889299992, 41.016050246599995], [28.658903148700002, 41.016083089], [28.659445275799992, 41.01673292929999], [28.659445761900002, 41.01675544839999], [28.659409676, 41.0167929969], [28.659132364, 41.01691618689999], [28.6591196795, 41.01693557949999], [28.659130759599996, 41.016978591199994], [28.6591592853, 41.0169989351], [28.6598646822, 41.0172233009], [28.660810244699995, 41.01760230219999], [28.6609712357, 41.0176381513], [28.661095319399994, 41.017599569099986], [28.663148593499994, 41.016122857499994], [28.663830886599996, 41.015668586499984], [28.665391755800005, 41.01469560009999], [28.6657360766, 41.014466111599994], [28.666067148, 41.0142698225], [28.666357251099992, 41.0141196841], [28.666669113700003, 41.0138640651], [28.666741342500003, 41.0138508918], [28.666831594, 41.01386791759999], [28.6668806666, 41.01391624659999], [28.666893658899994, 41.01399524189999], [28.667115242800005, 41.017560429099994], [28.6670689164, 41.01764280009999], [28.6662855293, 41.017713427099984], [28.665082918699998, 41.0177650191], [28.6650131306, 41.01784860669999], [28.6649522219, 41.0184038577], [28.664949691399993, 41.01908995139999], [28.6647496399, 41.01974373649999], [28.6647085711, 41.020094895], [28.6648101693, 41.0211015833], [28.664825433699995, 41.02145326839999], [28.664748404799997, 41.022498431200006], [28.664778481499994, 41.023187439599994], [28.664831926799994, 41.02376941859999], [28.664819785, 41.0238721966], [28.6647571042, 41.024109708499985], [28.664278739, 41.02482312219999], [28.6640916329, 41.025495592499986], [28.664003275799992, 41.025887774], [28.6638005203, 41.0265130673], [28.663825499600005, 41.0265897688], [28.665470351500005, 41.02788955089999], [28.665769378399997, 41.02801992469999], [28.666106993799996, 41.0280940447], [28.666472581700003, 41.0280534418], [28.666836018600005, 41.027899001], [28.66720396, 41.0275882109], [28.6675449036, 41.0271967013], [28.6681780339, 41.026379014499994], [28.669099859, 41.025510512299995], [28.669819343700002, 41.02490903759999], [28.670000793699995, 41.024807020199994], [28.671232383799993, 41.02380114409999], [28.6730255042, 41.0222286545], [28.675165381500005, 41.02046172229999], [28.675472526900002, 41.020169427499994], [28.6766809566, 41.019142117799994], [28.6766876517, 41.019082635], [28.676647795299996, 41.0190309566], [28.676077461600002, 41.01884391459999]]]}}, {"id": "BL105", "name": "BÜYÜKÇEKMECE - MİMARSİNAN", "geometry": {"type": "MultiLineString", "coordinates": [[[28.60962014536814, 41.02530282100096], [28.610397464299997, 41.025250262499995], [28.611321959799998, 41.025118463], [28.6123163948, 41.024911970699996], [28.613703477699996, 41.024663393599994], [28.6144042771, 41.024497037299994], [28.617443093, 41.023862300199994], [28.619645672, 41.023361598099996], [28.620044389499995, 41.023282730199995], [28.6208332049, 41.023202519899996], [28.6211682577, 41.02312552809999], [28.621919733, 41.022895387899986], [28.624353716499996, 41.02209237089999], [28.6259261953, 41.021492098699994], [28.6261125942, 41.02143772859999], [28.626298266099997, 41.0214100947], [28.626487428399997, 41.02140649039999], [28.626742688799997, 41.02142577789999], [28.627360442099995, 41.021538309799986], [28.627524506499995, 41.02153770849999], [28.627683931699995, 41.0215083623], [28.627801437699997, 41.0214655985], [28.6279065191, 41.02140715779999], [28.6281603464, 41.02121493], [28.628849619670984, 41.0206489044572]], [[28.628849619670984, 41.0206489044572], [28.6294159343, 41.0201838479], [28.6294615046, 41.0201205129], [28.6294739214, 41.02004900029999], [28.6294529458, 41.01998134779999], [28.6293969125, 41.01991405], [28.629318893299995, 41.01985914969998], [28.629223129, 41.01982386569999], [28.6291179409, 41.01981126279999], [28.6290124727, 41.0198224358], [28.6289158878, 41.01985641579999], [28.628836582599998, 41.01991024689999], [28.6287814474, 41.019979253999985], [28.628755274199996, 41.0200574371], [28.628849619670984, 41.0206489044572]], [[28.628849619670984, 41.0206489044572], [28.628937795882003, 41.021201690901755]], [[28.628937795882003, 41.021201690901755], [28.6290290749, 41.0217739243], [28.629152253699996, 41.021929866399994], [28.6293055275, 41.02201049919999], [28.6294046747, 41.02202871619999], [28.6295066731, 41.02202703259999], [28.629606684399995, 41.022004893799995], [28.629687869199998, 41.0219662369], [28.629837172099997, 41.021841168499996], [28.629926335899995, 41.021686674899996], [28.6299589121, 41.02147482959999], [28.6299254305, 41.0212632713], [28.629854987899996, 41.0211109518], [28.6297321609, 41.0210063911], [28.6295562372, 41.0209474203], [28.629363888199997, 41.02095019939999], [28.629259331599997, 41.0209802734], [28.629167977799998, 41.021029142299994], [28.628937795882003, 41.021201690901755]], [[28.628937795882003, 41.021201690901755], [28.628377715199996, 41.021621535799994], [28.627893175299995, 41.02188401389999], [28.627510092, 41.02205803219999], [28.627112057600005, 41.0222116027], [28.6265670754, 41.02235209319999], [28.626025932899996, 41.022546320899984], [28.62533216, 41.0227624517], [28.624826955099998, 41.022967665299994], [28.6240403556, 41.0233829851], [28.622644939499995, 41.024280365799996], [28.6216038468, 41.024843470099995], [28.6204962999, 41.025300238]]]}}], "taxi": [{"id": 2, "name": "ÇİÇEK TAKSİ", "distance_m": 1402.66442176, "location": {"type": "Point", "coordinates": [28.6913589995, 41.014897401]}}, {"id": 467, "name": "HARAMİDERE GEÇİT TAKSİ 1", "distance_m": 2251.31390068, "location": {"type": "Point", "coordinates": [28.6708416469, 41.0099800778]}}, {"id": 501, "name": "KARDEŞLER TAKSİ", "distance_m": 2340.21432704, "location": {"type": "Point", "coordinates": [28.6580215189, 41.0282577035]}}, {"id": 261, "name": "TORYUM AVM TAKSİ", "distance_m": 2532.62471007, "location": {"type": "Point", "coordinates": [28.6864000001, 41.0040000003]}}, {"id": 170, "name": "ALTINYILDIZ TAKSİ DURAĞI", "distance_m": 3058.63089561, "location": {"type": "Point", "coordinates": [28.6522219998, 41.0161915005]}}, {"id": 172, "name": "ADAKENT TAKSİ DURAĞI", "distance_m": 3081.58497374, "location": {"type": "Point", "coordinates": [28.6567215002, 41.0099024007]}}, {"id": 421, "name": "CUMHURİYET TAKSİ DURAĞI", "distance_m": 3084.08276612, "location": {"type": "Point", "coordinates": [28.6519999999, 41.0160000009]}}, {"id": 424, "name": "BEYLİKDÜZÜ İSTANBUL EVLERİ SİTESİ TAKSİ DURAĞI", "distance_m": 3224.35228071, "location": {"type": "Point", "coordinates": [28.6482999997, 41.0207000003]}}, {"id": 169, "name": "SİTE TAKSİ", "distance_m": 3399.80495283, "location": {"type": "Point", "coordinates": [28.6500633006, 41.0124690009]}}, {"id": 444, "name": "AK TAKSİ", "distance_m": 3502.95183348, "location": {"type": "Point", "coordinates": [28.6683340286, 41.0554436677]}}], "bicycle": [{"id": null, "name": "Bicycle Route", "geometry": {"type": "LineString", "coordinates": [[28.6464401898, 41.00075558539999], [28.647338952, 41.0016108422], [28.6474173969, 41.001685488], [28.647662154199995, 41.001918392499995], [28.648260258899995, 41.0024875208], [28.648428365499992, 41.0026474805], [28.6484830332, 41.002703805], [28.648531839299995, 41.0027631392], [28.6485744973, 41.0028251341], [28.648610754399993, 41.002889424799996], [28.6487231406, 41.00311197039999], [28.6487558144, 41.0031766711], [28.648823736, 41.0033111665], [28.648896222600005, 41.00344656539999], [28.649171983100004, 41.003933597599996], [28.649630998100005, 41.004744266], [28.649713203100003, 41.00489476229999], [28.649747011699997, 41.00495665759998], [28.649747027700002, 41.0049566866], [28.649869614400004, 41.005189547], [28.6499193992, 41.0052841159], [28.649927457899995, 41.00530031209999], [28.6499347122, 41.00531672169999], [28.649941152, 41.0053333216], [28.6499554671, 41.00538406809999], [28.6499621615, 41.005435711299995], [28.649961152299994, 41.00548759739999], [28.6499524518, 41.005539068299996], [28.649936168199996, 41.00558947259999], [28.6497712445, 41.00599869279999], [28.649771227, 41.0059987358], [28.6497158434, 41.00613239019999], [28.649715820899996, 41.0061324449], [28.649589408, 41.00642933559999], [28.649513676099993, 41.006607197499996], [28.649376726300005, 41.0069288307], [28.649329894, 41.007047905399986], [28.649329827400003, 41.00704807929999], [28.6492938615, 41.00715720289999], [28.649290038500002, 41.0071688015], [28.649278369299992, 41.007209324099996], [28.6492675041, 41.007249978699996], [28.6492574452, 41.00729075609999], [28.649231649399997, 41.0073998088], [28.6491319962, 41.0074760586], [28.649108593199994, 41.007567165899985], [28.649101152900002, 41.007720469199995], [28.6490968335, 41.0078264862], [28.6490968207, 41.007932554499995], [28.6491077103, 41.0080322226], [28.649122806600005, 41.008136835599984], [28.649149238500005, 41.008213841], [28.6491807104, 41.00825500469998], [28.649250847299992, 41.008301518]]}}, {"id": null, "name": "Bicycle Route", "geometry": {"type": "MultiLineString", "coordinates": [[[28.6440842111, 40.9986577784], [28.644176588499995, 40.998601435], [28.644286616, 40.998706146999986], [28.644396645099995, 40.998810859], [28.644506673299997, 40.9989155709], [28.644616703, 40.99902028439999], [28.644726731899997, 40.9991249952], [28.644836762299995, 40.9992297068], [28.644946791900004, 40.99933441820001], [28.6450516831, 40.999434239299994], [28.6451565746, 40.9995340593], [28.6452614663, 40.999633880199994], [28.6453663596, 40.999733701], [28.645471252099995, 40.999833521599996], [28.645576144799996, 40.99993334129999], [28.645681037900005, 41.00003316179999], [28.645786731, 41.0001337426], [28.6458436947, 41.00018795129999], [28.6459488579, 41.0002880277], [28.6460540226, 41.00038810409999], [28.6461591864, 41.0004881786], [28.646264350499997, 41.000588255599986], [28.646328666699997, 41.0006494604], [28.6464398015, 41.0007552162]], [[28.649256699499997, 41.0083037116], [28.6492605203, 41.008323302799994], [28.64928511, 41.0084493681], [28.6493096999, 41.0085754324], [28.649332886900005, 41.0086942976], [28.649346988, 41.00876658969999], [28.6493610891, 41.00883888189999], [28.649377726399997, 41.00892417709999], [28.649377750100005, 41.0089242954], [28.6493909105, 41.008980320199996], [28.6493910002, 41.00898064359998], [28.649408435499993, 41.00903582709999], [28.6494085457, 41.009036139], [28.649430297400002, 41.009090610399994], [28.6494303474, 41.009090723599996], [28.649482143, 41.00920788989998], [28.649533938800005, 41.00932505709999], [28.6495857347, 41.009442223399994], [28.6496375309, 41.0095593896], [28.649689326, 41.0096765568], [28.649741122499996, 41.009793723], [28.649792919100005, 41.00991088919999], [28.649844716, 41.0100280562], [28.649896513, 41.01014522239999], [28.649941029199994, 41.010245919099994], [28.6499855456, 41.010346616599996], [28.6500300621, 41.01044731319999], [28.650074578700004, 41.0105480099], [28.6501109657, 41.01063031729999], [28.6501000867, 41.01064731509999], [28.6500781437, 41.0106532854]]]}}, {"id": null, "name": "Bicycle Route", "geometry": {"type": "LineString", "coordinates": [[28.648735550499993, 40.98616039799999], [28.648855885, 40.9865177965], [28.6489996025, 40.986944637299985], [28.6490430768, 40.98705166219999], [28.649099864199993, 40.98715510169999], [28.649169441399994, 40.98725400229999], [28.6504514081, 40.98887956119999], [28.650494073, 40.988934582], [28.6505356821, 40.9889900617], [28.6505762268, 40.98904598859998], [28.652468736200003, 40.99170285329999], [28.6524887235, 40.9917342677], [28.652504939300005, 40.99176689139999], [28.652517254, 40.99180046339998], [28.652525569099996, 40.991834715299994], [28.652529818099996, 40.991869373099995], [28.652529967099994, 40.9919041597], [28.6525260147, 40.99193879679999], [28.652517992700005, 40.99197300749999], [28.6525059651, 40.99200651819999], [28.6524900283, 40.992039060899984], [28.652470309499993, 40.9920703753], [28.652446966600003, 40.992100210999986], [28.6524201862, 40.9921283294], [28.6524159673, 40.992140671499996], [28.652413158, 40.9921532486], [28.652411778799998, 40.9921659687], [28.6524118397, 40.99217873879999], [28.652413340299997, 40.99219146529999], [28.652416269700005, 40.99220405529999], [28.652420606400003, 40.992216416499986], [28.6524263187, 40.992228458599996], [28.652433364700002, 40.992240093499994], [28.652441693, 40.9922512359], [28.652451242600005, 40.99226180449999], [28.652461943700004, 40.992271721899996], [28.6524737179, 40.99228091549998], [28.6524864791, 40.992289318], [28.65250013389999, 40.992296868], [28.6525145825, 40.99230351029999], [28.6525697491, 40.9923065556], [28.652624398799993, 40.99231317409999], [28.652678128700003, 40.992323317], [28.652730542899995, 40.9923369095], [28.652781255, 40.9923538516], [28.6528298912, 40.9923740183], [28.652876093100005, 40.992397260899985], [28.65291952, 40.992423408099995], [28.652959852, 40.992452267299996], [28.6529967916, 40.99248362569998], [28.653030066699998, 40.9925172521], [28.653059432, 40.99255289879999], [28.6530846711, 40.99259030289999], [28.6531811772, 40.9927618171], [28.653268009, 40.9929362355], [28.6533450095, 40.993113243], [28.653877207299995, 40.99443161249999], [28.6540140293, 40.994732563799985], [28.654177719900005, 40.9950258243], [28.654367507400003, 40.9953100114], [28.655320342, 40.99662093649999], [28.6554413881, 40.996778092], [28.6555723485, 40.99693064489999], [28.6557129125, 40.99707823360001], [28.6560294763, 40.9973937656], [28.656054273800002, 40.9974210385], [28.656075787300004, 40.997449858399996], [28.6560938465, 40.997479997], [28.6561083084, 40.9975112155], [28.656119058199998, 40.99754326669999], [28.6561260109, 40.9975758965], [28.656129111499997, 40.997608846599995], [28.656128335199995, 40.997641856], [28.656123688399997, 40.997674663], [28.656115207700005, 40.997707007799995], [28.656102960499993, 40.99773863429999], [28.656087043599996, 40.9977692918], [28.6560675832, 40.997798737499984], [28.656044733500003, 40.9978267381], [28.65601867549999, 40.997853071799994], [28.6560167303, 40.9978550331], [28.656015014100003, 40.997857114199995], [28.656013539600004, 40.9978592998], [28.656012317300004, 40.997861574], [28.656011356399993, 40.997863920299984], [28.656010663699995, 40.99786632139998], [28.6560102443, 40.9978687599], [28.656010101299998, 40.997871218], [28.6560102358, 40.9978736778], [28.6560106467, 40.9978761213], [28.656011331, 40.9978785306], [28.656012283800003, 40.9978808882], [28.6560134981, 40.997883177], [28.656014965, 40.997885380099994], [28.65601667389999, 40.997887481599996], [28.65601861229999, 40.9978894661], [28.656020765900003, 40.99789131909999], [28.656023119199993, 40.9978930271], [28.656112248800003, 40.9979519072], [28.656115784100002, 40.997954455599995], [28.6561190343, 40.997957213199996], [28.6561219778, 40.9979601616], [28.656124594799994, 40.997963280899995], [28.656126867699996, 40.99796655029999], [28.656128781399996, 40.997969947899996], [28.6561303229, 40.99797345089999], [28.656154219500003, 40.9980367091], [28.6561552908, 40.99803908409999], [28.656156629700003, 40.998041381], [28.6561582261, 40.99804358229999], [28.6561600678, 40.9980456716], [28.656162140900005, 40.998047632799995], [28.6561644299, 40.9980494514], [28.656166917300002, 40.99805111349999], [28.6561695844, 40.99805260649999], [28.656172411, 40.9980539191], [28.656175375799997, 40.9980550415], [28.6561784564, 40.998055965199995], [28.656181629399995, 40.998056683099996], [28.656184870899992, 40.9980571899], [28.6561881564, 40.998057481699995], [28.656191461099993, 40.99805755639999], [28.6561947599, 40.998057413299996], [28.656198028, 40.998057053499984], [28.656201240699996, 40.9980564797], [28.6562294816, 40.99805149649999], [28.6562548583, 40.9980489961], [28.656280442699998, 40.9980482181], [28.6563060319, 40.9980491689], [28.656331422899992, 40.99805184089999], [28.6563564142, 40.998056212799995], [28.656380807500003, 40.99806224989999], [28.6564044095, 40.99806990439999], [28.656427032699995, 40.9980791156], [28.6564484978, 40.9980898104], [28.6564686345, 40.99810190389999], [28.656487282899995, 40.99811530019999], [28.656504295300003, 40.998129893], [28.656519536500003, 40.99814556649999], [28.6565328858, 40.99816219649999], [28.656544237099993, 40.99817965089999], [28.656553500499992, 40.99819779139999], [28.6565606024, 40.9982164739], [28.656572135499992, 40.99825565159999], [28.6565826977, 40.99829498159998], [28.6565922853, 40.99833444999999], [28.6566936545, 40.9987751525], [28.6567518236, 40.99897833179999], [28.6568313507, 40.99917741149999], [28.656931720100005, 40.99937110009999], [28.657052280699997, 40.999558141399994], [28.657291035799993, 40.99989283739999]]}}, {"id": null, "name": "Bicycle Route", "geometry": {"type": "LineString", "coordinates": [[28.6377375892, 41.00473846629998], [28.6378731299, 41.00494965619999], [28.6384694768, 41.005902529199986], [28.638562007600004, 41.00602060389999], [28.63857309, 41.0060351137], [28.638753662499997, 41.006422261], [28.6387693209, 41.0064540528], [28.638802816499997, 41.006512792399995], [28.638841365299996, 41.0065697261], [28.638884798899998, 41.006624604999985], [28.638885003199995, 41.0066248442], [28.6390025341, 41.00676278469999], [28.6390583465, 41.0068282889], [28.6391104219, 41.006889406199996], [28.639110576299995, 41.00688958719999], [28.6391112935, 41.006890429399995], [28.6391760754, 41.0069664592], [28.639176542, 41.00696700769999], [28.6392481872, 41.0070548241], [28.639315235399998, 41.00714470029999], [28.6393763278, 41.0072345575], [28.6394267416, 41.007312341699986], [28.639816037099997, 41.0079129743], [28.63982608, 41.00792846939999], [28.639931655399998, 41.0080913482], [28.6400474943, 41.008270059599994], [28.640319129299996, 41.00868914729999], [28.6403622401, 41.0087556356], [28.640425349399997, 41.00885299049999], [28.640515004299996, 41.0089913442], [28.640547113499995, 41.009043701], [28.6405762211, 41.009097056], [28.6406087394, 41.0091625918], [28.640649655799997, 41.00924541659999], [28.640682554199998, 41.00930733159999], [28.6407194811, 41.0093680336], [28.6408537035, 41.00957503989999], [28.6408718159, 41.0096038276], [28.640988085299995, 41.009788621], [28.6410325296, 41.009852291099996], [28.6411698769, 41.010049047299994], [28.641184743799997, 41.010070862599996], [28.6412127855, 41.0101149278], [28.6412260663, 41.010137344699984], [28.641238726799997, 41.01015980559998], [28.641250917399997, 41.01018257530001], [28.6412735476, 41.01022841], [28.6413413723, 41.0103738081], [28.641376310899997, 41.010440676], [28.641392260299998, 41.0104670889], [28.6414239338, 41.0105141638], [28.641458951, 41.01055985989999], [28.6415162775, 41.01062750309999], [28.641563091, 41.01068242349999], [28.641664009099998, 41.01080092419999], [28.6417034221, 41.01085109219999], [28.641738222700003, 41.0109031796], [28.641850435699997, 41.0110726567], [28.6420320006, 41.01135226609998], [28.642080783899996, 41.0114274899], [28.642139086, 41.011517391], [28.642267892699998, 41.0117160092], [28.642552504499996, 41.01215506549999], [28.642660554199995, 41.0123217473], [28.642662985399998, 41.0123254982], [28.642679199, 41.01235281359999], [28.6427057, 41.01240184059999], [28.6428918678, 41.0127462606], [28.6429166359, 41.0127937265], [28.642934063899997, 41.01284302749999], [28.642943925, 41.0128935161], [28.642946088799995, 41.01294452819999], [28.642940526499995, 41.01299539259999], [28.642937326, 41.0130012608], [28.6429329225, 41.0130066638], [28.6429274307, 41.01301146139999], [28.6429209933, 41.01301552929999], [28.642913777799997, 41.01301876149999], [28.642819088799996, 41.01305607489999], [28.6426750854, 41.01311441209999], [28.642671469099998, 41.01311615329999], [28.642668238299997, 41.013118285299996], [28.642665465299995, 41.0131207594], [28.642663213, 41.01312352059999], [28.642661532599995, 41.01312650639999], [28.6425337227, 41.0134111024]]}}, {"id": null, "name": "Bicycle Route", "geometry": {"type": "LineString", "coordinates": [[28.659255358300005, 41.005553748], [28.659217714800004, 41.0028760806], [28.658707912400004, 41.001227251299994], [28.6586515981, 41.000962267], [28.658104901100003, 41.00037915339999]]}}, {"id": null, "name": "Bicycle Route", "geometry": {"type": "MultiLineString", "coordinates": [[[28.6390174248, 41.0001518566], [28.638968701499998, 41.000270799499994], [28.638940909, 41.0003947708], [28.6389359263, 41.000636936899994], [28.638911331, 41.00082917039999], [28.638881100599995, 41.0010205415], [28.6388495811, 41.001114788], [28.638673796599996, 41.0013517492], [28.6384076523, 41.0016673215], [28.637929724, 41.00221195779999], [28.637677023799995, 41.00251274819999], [28.6374466, 41.002689302099995], [28.637196562799996, 41.002860643199995], [28.6366997187, 41.003205853599994]], [[28.6367644643, 41.00325392879999], [28.6374580012, 41.0027740959], [28.6377684666, 41.002541218299996], [28.637842192899996, 41.002472370499994], [28.6383739796, 41.001866121599996], [28.6385758482, 41.001639428599994], [28.6388086718, 41.00134587219999], [28.6389677698, 41.001121164], [28.639002984499996, 41.00100704089999], [28.639044968299995, 41.00072367959999], [28.639050558500003, 41.0006116973], [28.6390602035, 41.00046241319999], [28.639086021, 41.000325769299984], [28.639117386099997, 41.000238990799986], [28.6391350961, 41.0001769507]]]}}, {"id": null, "name": "Bicycle Route", "geometry": {"type": "MultiLineString", "coordinates": [[[28.673247315600005, 41.06442932169999], [28.673205422299997, 41.06436570179999], [28.673158040799994, 41.0642937475]], [[28.66624815839999, 41.06927962329999], [28.666213842799998, 41.06931902369999], [28.666199517200003, 41.06933560659999], [28.66616806209999, 41.0693234262], [28.6661344226, 41.069315246399995], [28.666099480799996, 41.069311280699985], [28.6660641507, 41.06931163339999], [28.6660293581, 41.0693162954], [28.6659960157, 41.06932514499998], [28.665964996600003, 41.06933794899999], [28.66593711439999, 41.06935437309999], [28.665617099199995, 41.06955736919999], [28.6653956659, 41.069694220799995], [28.664956977900005, 41.0699705517], [28.6645191892, 41.070245592899994], [28.664318482100004, 41.070370454899994], [28.663588970199996, 41.070826455699994], [28.6625945759, 41.0714515805], [28.661686326, 41.0720267543], [28.660301164899998, 41.0728963596], [28.660004435500003, 41.073085656]], [[28.671817278700004, 41.065268667], [28.6717238098, 41.065195812499994], [28.671718549399998, 41.06519230329999], [28.6717126369, 41.065189452799984], [28.671706212499995, 41.06518732759999], [28.671699431, 41.065185980699994], [28.671692455899997, 41.0651854429], [28.671401593800002, 41.0651801975]], [[28.6693058324, 41.07572428009999], [28.669190034800003, 41.0758004101], [28.6691866347, 41.075803092799994], [28.6691838305, 41.0758061452], [28.6691816914, 41.0758094908], [28.669180456170604, 41.07581258361066]], [[28.669180456170604, 41.07581258361066], [28.6691802703, 41.07581304899998], [28.669180225353525, 41.07581329631308]], [[28.669180225353525, 41.07581329631308], [28.6691796011, 41.07581673119999], [28.669179701, 41.075820448399995], [28.6691805672, 41.075824106899994]], [[28.671817278700004, 41.065268667], [28.6716618348, 41.0653863445]], [[28.6592529607, 41.073295735799995], [28.659438721499992, 41.073460363399995]], [[28.666384548399996, 41.070959163], [28.666378842600004, 41.07105892279999], [28.666373702900003, 41.07122039389999], [28.6663767436, 41.0713818958], [28.6663879612, 41.07154319059999], [28.666407339200003, 41.07170404239999], [28.6664289707, 41.07182374949999], [28.666458741899994, 41.07194245139999], [28.666496569900005, 41.072059832], [28.666542357700003, 41.0721755776], [28.6665959805, 41.07228937989999], [28.666657296, 41.072400935499985], [28.6667261411, 41.0725099472], [28.667224366700005, 41.073285723299996], [28.667293005899992, 41.07338699409999], [28.6673673394, 41.07348593559999], [28.6686107541, 41.075072876], [28.6686749444, 41.0751502785], [28.668822167100004, 41.075318240899996], [28.6688637963, 41.0753599845], [28.668911809199997, 41.075397599499986], [28.6689654971, 41.07543052939999], [28.669024066900004, 41.0754582879], [28.669086653200004, 41.07548046609999], [28.669152332299998, 41.07549673539999], [28.669220134399993, 41.0755068559], [28.669220476399992, 41.07550689139999], [28.669384311981798, 41.075517090167644]], [[28.669384311981798, 41.075517090167644], [28.6696494161, 41.075533592899994], [28.6697181255, 41.0755382004], [28.669786171200002, 41.07554675309999], [28.669853159099993, 41.075559201299995], [28.6699309986, 41.0755784982], [28.6700063652, 41.075602775499995], [28.670078700800005, 41.07563185659998], [28.670147473, 41.0756655265], [28.670212175399993, 41.07570353619999], [28.670272330300005, 41.07574560559999], [28.670361666399995, 41.075824025799996], [28.6705120039, 41.07594499039999], [28.6705936417, 41.07601356019999], [28.6706543924, 41.0760611657], [28.670719348, 41.076105478299986], [28.6707881986, 41.076146285399986], [28.6708606126, 41.07618339239999], [28.670980190199998, 41.07623739859999], [28.671067172661434, 41.0762727649948]], [[28.6691808884, 41.075811249], [28.669180456170604, 41.07581258361066]], [[28.669180456170604, 41.07581258361066], [28.669180225353525, 41.07581329631308]], [[28.669180225353525, 41.07581329631308], [28.6691797908, 41.075814638099985], [28.6691794066, 41.07581811559999], [28.669179744499992, 41.075821595099995], [28.6691807968, 41.075824992799994], [28.669182536699992, 41.07582822379999], [28.6691849229, 41.07583121019999], [28.669187894900002, 41.07583387729999], [28.6691913817, 41.0758361605], [28.66921278398748, 41.07584871404751]], [[28.66697395718031, 41.075336748351816], [28.668256916099995, 41.074621289599996]], [[28.659904396880815, 41.07370366083747], [28.6597197541, 41.073534485], [28.6596779024397, 41.07349660017488]], [[28.6596779024397, 41.07349660017488], [28.65967500249999, 41.07349397509999], [28.6596541557, 41.073477732099995], [28.659630167400003, 41.073464198], [28.6596036447, 41.0734537156], [28.659575261400004, 41.073446551199986], [28.659545735, 41.073442885199995], [28.6595158133, 41.07344281169999], [28.659486255099996, 41.073446332299994], [28.659457810899994, 41.0734533569], [28.659431199199997, 41.073463708199995], [28.659407095300004, 41.073477124], [28.659382389674153, 41.07349331808938]], [[28.671662958400002, 41.06538543], [28.6716609747, 41.065386753199995], [28.671658755500005, 41.065387839699994], [28.671656347599995, 41.06538866549999], [28.671653804900004, 41.06538921429999], [28.671570272099995, 41.065402251799995], [28.6712289486, 41.06565952679999], [28.670962240699993, 41.06586055689999], [28.670400349, 41.06626457179999], [28.6698456024, 41.0666647118], [28.66928532529999, 41.0670693349], [28.6687148899, 41.067476811099986], [28.668020708, 41.0679718496], [28.667677728899992, 41.068216133199996], [28.667102048200004, 41.068622370099995], [28.6668756589, 41.068782123400005]], [[28.6670355992, 41.0686692605], [28.6668756589, 41.068782123400005]], [[28.6668756589, 41.068782123400005], [28.666652272400004, 41.06893912329999], [28.6666173266, 41.06896768989999], [28.666588456800003, 41.068999910399995], [28.6665663204, 41.069035051499995], [28.66655142, 41.0690723121], [28.666513972262507, 41.069187230540436]], [[28.666513972262507, 41.069187230540436], [28.666503090699997, 41.069220623499994], [28.666485436900004, 41.0692968774], [28.666476399699995, 41.06937399], [28.666453411499997, 41.0697522375], [28.6664166336, 41.07039811439999], [28.666388447799996, 41.0708909718]], [[28.6759758356341, 41.076879709227], [28.675996616500004, 41.07687197879999], [28.676053250899997, 41.0768584129], [28.6761119308, 41.07685141929999], [28.6761713337, 41.0768511537], [28.676269752, 41.0768579617], [28.676367525499998, 41.0768688554], [28.676546119300003, 41.0768931123], [28.676726088899997, 41.07691059819999], [28.6769069877, 41.0769212703], [28.677088365299998, 41.0769251008], [28.6772697696, 41.07692208179999], [28.677450749399995, 41.076912219], [28.677630853199997, 41.076895538699986], [28.6783000162, 41.0768316042], [28.678391729099996, 41.0768184792], [28.678481664399992, 41.076799581], [28.678569187700003, 41.07677504269999], [28.6786536839, 41.076745036499986], [28.6787345573, 41.07670977349999], [28.6788112378, 41.0766695037], [28.678883185300002, 41.07662450819999], [28.6789498938, 41.076575107199986], [28.679032741500002, 41.076500590399995], [28.6791363595, 41.0764027918], [28.679233718200003, 41.076301378100005], [28.6793245999, 41.076196578499996], [28.6793821056, 41.07612063719999], [28.679432111500002, 41.07604171329999], [28.6794743485, 41.075960232399986], [28.6795085914, 41.0758766302], [28.6795421806, 41.0757744359], [28.6795702997, 41.0756713], [28.6795753769, 41.075615056], [28.6795712418, 41.07555876749999], [28.679557959199997, 41.0755032963], [28.6795357324, 41.07544948819999], [28.6795048994, 41.075398168499994], [28.679465933600003, 41.07535011939999], [28.679419429499994, 41.07530607729999], [28.6793660983, 41.07526671469999], [28.679306755, 41.07523263339999], [28.679242307600003, 41.07520435439999], [28.678822533299996, 41.075031155199994], [28.678691659400002, 41.074981074], [28.6784444944, 41.074893665599994], [28.678391983100003, 41.074876262299995], [28.678338412899993, 41.07486081790001], [28.6776403051, 41.074674164499996], [28.677508818, 41.0746348071], [28.6773810141, 41.0745890259], [28.6772574413, 41.0745370172], [28.677138627300003, 41.07447900239999], [28.677025083300002, 41.074415232099994], [28.6769172942, 41.07434597759999], [28.6768157228, 41.074271536], [28.676553816799995, 41.07404943160001], [28.6765077066, 41.07400790319999], [28.6764649444, 41.07396437189999], [28.676405719500003, 41.07389575139999], [28.676352208900003, 41.073824492499995], [28.676304620200003, 41.073750867799994], [28.676263132099994, 41.0736751593], [28.675905784700003, 41.07296147179999], [28.6758539782, 41.0728444369], [28.67580672, 41.072726305399996], [28.6757640496, 41.07260717849999], [28.675523372, 41.07189407959999], [28.675407658, 41.07152185599998], [28.6754021731, 41.071504956], [28.674916492199998, 41.07006919959999], [28.674913936100005, 41.07006134289999], [28.674895313499995, 41.07000174329999]], [[28.674895313499995, 41.07000174329999], [28.6748561982, 41.0698765584]], [[28.6748561982, 41.0698765584], [28.67469084, 41.069347334], [28.6746840665, 41.0693276134], [28.6745564258, 41.06898707429998], [28.6745515907, 41.0689733296], [28.674531991400002, 41.0689137565]], [[28.674531991400002, 41.0689137565], [28.6745290579, 41.0689071029]], [[28.6745290579, 41.0689071029], [28.674524795099998, 41.0689008752]], [[28.674524795099998, 41.0689008752], [28.6745193048, 41.068895224]], [[28.6745193048, 41.068895224], [28.6744106991, 41.06879997170001]], [[28.6744106991, 41.06879997170001], [28.6744048815, 41.068793917]], [[28.6744048815, 41.068793917], [28.674400471200002, 41.0687872166]], [[28.674400471200002, 41.0687872166], [28.674397588299996, 41.068780055699996]], [[28.674397588299996, 41.068780055699996], [28.6743963133, 41.0687726315]], [[28.6743963133, 41.0687726315], [28.674396681299996, 41.06876515149999]], [[28.674396681299996, 41.06876515149999], [28.6743986834, 41.06875781989999]], [[28.6743986834, 41.06875781989999], [28.674430213100003, 41.06867696839999]], [[28.674430213100003, 41.06867696839999], [28.6744366522, 41.068660913299986]], [[28.6744366522, 41.068660913299986], [28.674439178599997, 41.0686526504]], [[28.674439178599997, 41.0686526504], [28.674440215600004, 41.068644205599995]], [[28.674440215600004, 41.068644205599995], [28.674439744500003, 41.0686357326]], [[28.674439744500003, 41.0686357326], [28.6744377742, 41.06862738379999]], [[28.6744377742, 41.06862738379999], [28.6744270154, 41.0685946792], [28.6744219102, 41.0685791639], [28.674391732800004, 41.06849603029999], [28.674356300099998, 41.0684140924], [28.674315695199997, 41.068333541], [28.674236994300003, 41.06818804069999], [28.674221830899995, 41.068162283499994], [28.674184334499994, 41.068103495799996], [28.674124745799997, 41.06801131219999], [28.6740580079, 41.067921978899996], [28.6737311578, 41.067559359299985], [28.6736867886, 41.067504796399994], [28.6736477239, 41.067447958799995], [28.6736141659, 41.0673891398], [28.673586288, 41.0673286456], [28.6735023162, 41.06712286859999], [28.6734913028, 41.06709191589999], [28.673483299300003, 41.06706043869999], [28.673355680200004, 41.066436553399996], [28.6733517358, 41.06641941359999], [28.673312997900002, 41.0662680608], [28.6733110439, 41.066260746699996], [28.673289304500003, 41.0661827334], [28.6732370261, 41.0660017693], [28.673218821699997, 41.065948245799994], [28.673195698399997, 41.065895820899996], [28.673167770100005, 41.0658447525], [28.6726028169, 41.0648926118], [28.672590919700003, 41.06487647969999], [28.6725755088, 41.06486215209999], [28.6725570513, 41.064850062], [28.672536104899997, 41.0648405751], [28.672513305300004, 41.0648339771], [28.6724893394, 41.064830469399986], [28.6724649322, 41.064830156599996], [28.672440823299997, 41.06483304919999], [28.6724177403, 41.0648390583], [28.672396382799995, 41.064848004599995], [28.672377396199998, 41.0648596146], [28.6722257412, 41.064970368199994], [28.672160683699992, 41.0650178801], [28.671817278700004, 41.065268667]], [[28.660004433099992, 41.07308565419999], [28.6598469895, 41.07318612569999], [28.6598191391, 41.073207269499996], [28.659796512599993, 41.0732317246], [28.659779784, 41.07325876039999], [28.6597694505, 41.07328757159999], [28.659765822100002, 41.07331729899999], [28.659769007299992, 41.073347055199996], [28.659778911100002, 41.07337595319999], [28.659795235800004, 41.07340313039999], [28.659817496800002, 41.073427776299994], [28.6599380653, 41.07353921959999], [28.66021267376874, 41.07379058169761]], [[28.660743032251666, 41.07391186510464], [28.6614980464, 41.073463333499994], [28.663174250600004, 41.072440395], [28.663511829, 41.07222682169999]], [[28.6635811967, 41.072182935799994], [28.664542329799996, 41.071574849099996], [28.665519592599995, 41.070913359], [28.6660384961, 41.0705622539], [28.666105898599998, 41.0705166483]], [[28.666106018, 41.0705165678], [28.6662953963, 41.07038842629999], [28.666416958299997, 41.070392406799996]], [[28.67856018790014, 41.077071585826005], [28.6786341855, 41.077048947199984], [28.67901169789999, 41.076895673299994], [28.6791646757, 41.07683373159999], [28.679197960200003, 41.07682276879999], [28.679233143, 41.0768160021], [28.6792693057, 41.0768136073], [28.679381036599995, 41.0768130585], [28.679386417399993, 41.07681335059999], [28.679391672599998, 41.07681427439999], [28.679396672800003, 41.076815806599996], [28.6794012963, 41.07681790979999], [28.6794054299, 41.07682053329999], [28.679408972499996, 41.07682361189999], [28.6794118376, 41.07682707], [28.6794139554, 41.07683082469999], [28.679521368, 41.077071885799995], [28.679550566416886, 41.07714511685365]], [[28.666301350699996, 41.0692475305], [28.666301349766044, 41.06924753071661]], [[28.666301349766044, 41.06924753071661], [28.6662957671, 41.0692488255], [28.6662899789, 41.0692494149], [28.666284141, 41.0692492816], [28.6662784093, 41.0692484291], [28.666272939099997, 41.069246881], [28.666267876, 41.06924467849999], [28.6662633543, 41.06924187989999], [28.66625982905505, 41.0692388465093]], [[28.66625982905505, 41.0692388465093], [28.666259497599995, 41.06923856129999], [28.666256406200002, 41.0692348104]], [[28.666256406200002, 41.0692348104], [28.666253552199993, 41.06923061749999], [28.666166663299993, 41.06910296409999], [28.6660688903, 41.06902107269999]], [[28.666256406200002, 41.0692348104], [28.666259608599997, 41.06923848249999], [28.66625982905505, 41.0692388465093]], [[28.66625982905505, 41.0692388465093], [28.666262031, 41.06924248229999], [28.666263617100004, 41.06924671549999], [28.666264330699995, 41.06925108269999], [28.6662641526, 41.06925548009998], [28.666263088400004, 41.069259806], [28.666261163899996, 41.069263958], [28.6662584228, 41.0692678377]], [[28.665119522800005, 41.069868164700004], [28.665050031199993, 41.0699119375]], [[28.660086942500005, 41.07303302179999], [28.660017811200003, 41.0730771234]], [[28.674898548800005, 41.0700120984], [28.674895313499995, 41.07000174329999]], [[28.659677902400002, 41.07349660019999], [28.6596779024397, 41.07349660017488]], [[28.6596779024397, 41.07349660017488], [28.659805091199992, 41.073416135399995]], [[28.6745344639, 41.068921272], [28.674531991400002, 41.0689137565]], [[28.6744377742, 41.06862738379999], [28.6744334797, 41.068614329599995]], [[28.669384312, 41.07551709], [28.669384311981798, 41.075517090167644]], [[28.669384311981798, 41.075517090167644], [28.669371429599995, 41.0756357739], [28.669369491, 41.075646583499996], [28.6693656119, 41.0756570907], [28.669359866399997, 41.07566709559999], [28.669352360800005, 41.07567640919999], [28.669317818099998, 41.0757119487], [28.669311929500005, 41.075718135], [28.669305220499997, 41.075723822]], [[28.6665139725, 41.06918723049999], [28.666513972262507, 41.069187230540436]], [[28.666513972262507, 41.069187230540436], [28.666484611599998, 41.0691922302], [28.666308087799997, 41.069245497], [28.666306235900002, 41.0692460563], [28.666301349766044, 41.06924753071661]], [[28.666301349766044, 41.06924753071661], [28.6662775219, 41.0692547209], [28.6662726502, 41.069256527499995], [28.6662681959, 41.06925887099999], [28.666264262500004, 41.06926169869999], [28.666260941699996, 41.0692649459], [28.666250022, 41.069277483], [28.666247693800003, 41.0692803635]], [[28.668227486299994, 41.0745837297], [28.66691469840244, 41.07532319724433]]]}}, {"id": null, "name": "Bicycle Route", "geometry": {"type": "MultiLineString", "coordinates": [[[28.642072659399997, 40.996207720899996], [28.641999961899998, 40.9967073494], [28.6419695893, 40.996906189699985], [28.641904962899996, 40.99701249729999], [28.6417608174, 40.997150237199996], [28.641450391599996, 40.997383125499994], [28.640592702100005, 40.9980286538], [28.6403579164, 40.99820874139999], [28.640169256, 40.99839326349999], [28.639888038499997, 40.998833471699996], [28.639548901399998, 40.99934302629999], [28.639209520299996, 40.9998642483], [28.639023985699996, 41.0001460695]], [[28.6391311619, 41.0001784602], [28.6397770397, 40.999236782499985], [28.6400147094, 40.9989166686], [28.6402478022, 40.9985692667], [28.640390577, 40.998368641099994], [28.6405319923, 40.998234138399994], [28.641037818199997, 40.9978588264], [28.641705345099997, 40.99736091929999], [28.6420130363, 40.99713111], [28.6421193873, 40.99695339659999], [28.642186662, 40.996677957599985], [28.642283196, 40.9962277866]]]}}, {"id": null, "name": "Bicycle Route", "geometry": {"type": "MultiLineString", "coordinates": [[[28.644084211, 40.9986577793], [28.644176588499995, 40.9986014359], [28.645786731, 41.000133743499994], [28.6457971637, 41.000145651699995], [28.645804739899997, 41.00015874289999], [28.645809232399998, 41.00017262539999], [28.645810506899995, 41.000186886], [28.645808527, 41.00020110129999], [28.6458033501, 41.0002148458], [28.645795132, 41.0002277127], [28.6457841157, 41.0002393167], [28.645770630599998, 41.000249313299996], [28.645762263099996, 41.00025542429999], [28.6457552685, 41.000262456399994], [28.645749820299997, 41.000270234199995], [28.6457460533, 41.000278564], [28.645744063199995, 41.00028723869999], [28.6457438984, 41.00029604389999], [28.645745564499997, 41.000304762499994], [28.645780569499998, 41.00042183229999], [28.6457844381, 41.000431009], [28.645790333099995, 41.000439545], [28.645798076799995, 41.000447186999985], [28.645807438499997, 41.0004537053], [28.6458181416, 41.0004589077], [28.645829864899998, 41.0004626382], [28.6460955608, 41.000527390399995], [28.6461491371, 41.0005431307], [28.646199909699998, 41.0005635185], [28.6462471807, 41.0005882728], [28.646290297399997, 41.000617052599985], [28.646328666699997, 41.000649461299986], [28.647662154199995, 41.001918392499995], [28.648428365499992, 41.0026474805], [28.6484830332, 41.002703805], [28.648531839299995, 41.0027631392], [28.6485744973, 41.0028251341], [28.648610754399993, 41.002889424799996], [28.6487231406, 41.00311197039999], [28.648823736, 41.0033111665], [28.648896226, 41.0034465726], [28.649630998100005, 41.004744266], [28.649747027700002, 41.0049566866], [28.6499193992, 41.0052841159], [28.649941152, 41.0053333216], [28.6499554671, 41.00538406809999], [28.6499621615, 41.005435711299995], [28.649961152299994, 41.00548759739999], [28.6499524518, 41.005539068299996], [28.649936168199996, 41.00558947259999], [28.6497712445, 41.00599869279999], [28.649715820899996, 41.0061324449], [28.649513676099993, 41.006607197499996], [28.649376726300005, 41.0069288307], [28.6493298262, 41.00704807929999], [28.649290038500002, 41.0071688015], [28.6492574452, 41.00729075609999], [28.6491993848, 41.0075362109], [28.6491829506, 41.00762152019999], [28.6491738435, 41.007707456400006], [28.649172101799994, 41.0077936591], [28.64917773279999, 41.007879766299986], [28.6491907121, 41.007965416699996], [28.6492074813, 41.00805138789999], [28.6493096999, 41.0085754333], [28.649311001899996, 41.0085887416], [28.649309744600004, 41.008602052299985], [28.649305952899997, 41.00861508469999], [28.649299707100003, 41.0086275626], [28.649291141099997, 41.00863922359999], [28.649284047199995, 41.008648938899995], [28.6492789562, 41.00865934939999], [28.649275983599995, 41.008670220499994], [28.6492751961, 41.008681307199986], [28.649276613199994, 41.0086923568], [28.649289800700004, 41.00874983519999], [28.649293423499998, 41.0087606774], [28.6492991671, 41.00877098069999], [28.649306898599992, 41.00878050779999], [28.6493164405, 41.0087890414], [28.649327575799997, 41.0087963852], [28.649337657200004, 41.0088030683], [28.649346238299994, 41.008810861299985], [28.649353108100005, 41.0088195733], [28.649358099499995, 41.00882899079999], [28.6493610891, 41.00883888279999], [28.649377750100005, 41.008924296299995], [28.649390948699995, 41.0089804836], [28.6494084846, 41.009035985199986], [28.649430297400002, 41.009090611299996], [28.65011230529999, 41.0106333476], [28.650115208, 41.0106423201], [28.6501161171, 41.010651533099995], [28.6501150069, 41.010660732399984], [28.650111909799993, 41.010669668], [28.650106909199994, 41.010678094099994], [28.650100143099994, 41.0106857793], [28.6500917952, 41.01069251479999], [28.6500875411, 41.010695939699986], [28.6500840795, 41.01069984309999], [28.6500815018, 41.010704120499994], [28.6500798769, 41.010708659399995], [28.650079248899992, 41.01071333789999], [28.6500796333, 41.01071803089999], [28.650081020899993, 41.01072261409999], [28.6500833748, 41.0107269656]], [[28.6500833748, 41.0107269656], [28.6501132599, 41.0107714707], [28.650117288599997, 41.0107764694], [28.650122287400002, 41.01078093729999], [28.650128137400003, 41.010784766899995], [28.650134698800002, 41.0107878656], [28.650141811600005, 41.0107901603], [28.6501488665, 41.01079243189999], [28.6501553776, 41.010795494], [28.650161194100004, 41.01079927549999], [28.650166178600003, 41.0108036874], [28.650170211, 41.0108086249], [28.6501731984, 41.01081397149999], [28.6503732634, 41.0112659246], [28.6504128292, 41.0113553032], [28.6505337352, 41.01162843]], [[28.6500833748, 41.0107269656], [28.6454944, 41.01251653679999], [28.644273920799996, 41.012216300599995], [28.6431350782, 41.012536431099996], [28.642925793099998, 41.012236169], [28.6426265893, 41.01233270609999]]]}}, {"id": null, "name": "Bicycle Route", "geometry": {"type": "LineString", "coordinates": [[28.653321829479182, 40.9825200546362], [28.6541998257, 40.985233513], [28.6542175413, 40.98529604489999], [28.6542424284, 40.9853571578], [28.654274297, 40.985416381099995], [28.654319094600005, 40.9854708895], [28.654369428, 40.985522548599995], [28.6544249855, 40.985571037099994], [28.6544479407, 40.98559293339999], [28.654465795799997, 40.98561740669999], [28.6544849551, 40.9856583307], [28.6544951527, 40.98570106079999], [28.654496122500003, 40.98574447829999], [28.6544878379, 40.985787444699994], [28.654470517500002, 40.985828837], [28.6544534979, 40.9858741425], [28.654445391499998, 40.9859208468], [28.654446373199992, 40.9859679463], [28.654456420799995, 40.986014432099985], [28.6556792965, 40.98978821059999]]}}], "nearest_distances_m": {"metro_m": 9109.08766455, "metrobus_m": 2506.78549734, "bus_m": 129.90667712, "grocery_m": 354.00851926, "clothing_m": null, "malls_m": 1758.10623829, "parks_m": 1165.92709953, "taxi_m": 1402.66442176, "minibus_m": 142.99379123453187, "bicycle_m": 150.59888456084204}}